Temperature,Concentration,Viscosity,Boiling Point,Freezing Point,Molecular mass + (u),Ionic radius + (pm),Charge number +,Molecular mass - (u),Ionic radius - (pm),Charge number -,Shielding Effect+,RAC+,Molecular Polarization+,Shielding Effect-,RAC-,Molecular Polarization-,Dielectric
0,9.5,1114.19,100.29,-1.13,107.87,115,1,14.01,180,-1,2,2,3,2,2,2,80.03
0,19,832.36,100.57,-1.84,107.87,115,1,14.01,180,-1,2,2,3,2,2,2,73.32
0,28.5,649.21,100.86,-2.53,107.87,115,1,14.01,180,-1,2,2,3,2,2,2,67.32
0,38,523.99,101.14,-3.21,107.87,115,1,14.01,180,-1,2,2,3,2,2,2,61.9
0,47.5,434.75,101.43,-3.89,107.87,115,1,14.01,180,-1,2,2,3,2,2,2,56.97
0,57,368.96,101.71,-4.57,107.87,115,1,14.01,180,-1,2,2,3,2,2,2,52.48
0,66.5,319.04,102,-5.24,107.87,115,1,14.01,180,-1,2,2,3,2,2,2,48.4
0,76,280.24,102.28,-5.92,107.87,115,1,14.01,180,-1,2,2,3,2,2,2,44.69
0,85.5,249.45,102.57,-6.6,107.87,115,1,14.01,180,-1,2,2,3,2,2,2,41.34
0,95,224.57,102.85,-7.27,107.87,115,1,14.01,180,-1,2,2,3,2,2,2,38.31
10,15.2,929.96,100.46,-1.56,107.87,115,1,14.01,180,-1,2,2,3,2,2,2,72.52
10,30.4,620.42,100.91,-2.67,107.87,115,1,14.01,180,-1,2,2,3,2,2,2,63.24
10,45.6,450.42,101.37,-3.75,107.87,115,1,14.01,180,-1,2,2,3,2,2,2,55.33
10,60.8,347.4,101.82,-4.84,107.87,115,1,14.01,180,-1,2,2,3,2,2,2,48.53
10,76,280.24,102.28,-5.92,107.87,115,1,14.01,180,-1,2,2,3,2,2,2,42.7
10,91.2,233.92,102.74,-7,107.87,115,1,14.01,180,-1,2,2,3,2,2,2,37.72
10,106.4,200.52,103.19,-8.08,107.87,115,1,14.01,180,-1,2,2,3,2,2,2,33.52
10,121.6,175.56,103.65,-9.16,107.87,115,1,14.01,180,-1,2,2,3,2,2,2,30.04
10,136.8,156.35,104.1,-10.24,107.87,115,1,14.01,180,-1,2,2,3,2,2,2,27.25
10,152,141.21,104.56,-11.32,107.87,115,1,14.01,180,-1,2,2,3,2,2,2,25.08
20,21,787.37,100.63,-1.99,107.87,115,1,14.01,180,-1,2,2,3,2,2,2,65.72
20,42,482.9,101.26,-3.53,107.87,115,1,14.01,180,-1,2,2,3,2,2,2,54.54
20,63,335.29,101.89,-5,107.87,115,1,14.01,180,-1,2,2,3,2,2,2,45.51
20,84,253.87,102.52,-6.49,107.87,115,1,14.01,180,-1,2,2,3,2,2,2,38.19
20,105,203.19,103.15,-7.98,107.87,115,1,14.01,180,-1,2,2,3,2,2,2,32.36
20,126,169.5,103.78,-9.48,107.87,115,1,14.01,180,-1,2,2,3,2,2,2,27.86
20,147,145.82,104.41,-10.97,107.87,115,1,14.01,180,-1,2,2,3,2,2,2,24.58
20,168,128.44,105.04,-12.46,107.87,115,1,14.01,180,-1,2,2,3,2,2,2,22.41
20,189,115.24,105.67,-13.95,107.87,115,1,14.01,180,-1,2,2,3,2,2,2,21.3
20,210,104.92,106.3,-15.44,107.87,115,1,14.01,180,-1,2,2,3,2,2,2,21.17
30,26.5,681.96,100.8,-2.39,107.87,115,1,14.01,180,-1,2,2,3,2,2,2,59.75
30,53,394.27,101.59,-4.28,107.87,115,1,14.01,180,-1,2,2,3,2,2,2,47.36
30,79.5,268.09,102.39,-6.17,107.87,115,1,14.01,180,-1,2,2,3,2,2,2,37.86
30,106,201.27,103.18,-8.05,107.87,115,1,14.01,180,-1,2,2,3,2,2,2,30.68
30,132.5,161.31,103.98,-9.94,107.87,115,1,14.01,180,-1,2,2,3,2,2,2,25.53
30,159,135.28,104.77,-11.82,107.87,115,1,14.01,180,-1,2,2,3,2,2,2,22.17
30,185.5,117.21,105.57,-13.7,107.87,115,1,14.01,180,-1,2,2,3,2,2,2,20.46
30,212,104.06,106.36,-15.58,107.87,115,1,14.01,180,-1,2,2,3,2,2,2,20.26
30,238.5,94.12,107.16,-17.47,107.87,115,1,14.01,180,-1,2,2,3,2,2,2,21.49
30,265,86.38,107.95,-19.35,107.87,115,1,14.01,180,-1,2,2,3,2,2,2,24.06
40,32,597.78,100.96,-2.78,107.87,115,1,14.01,180,-1,2,2,3,2,2,2,54.36
40,64,330.94,101.92,-5.07,107.87,115,1,14.01,180,-1,2,2,3,2,2,2,41.18
40,96,222.23,102.88,-7.34,107.87,115,1,14.01,180,-1,2,2,3,2,2,2,31.66
40,128,166.88,103.84,-9.62,107.87,115,1,14.01,180,-1,2,2,3,2,2,2,25.1
40,160,134.48,104.8,-11.89,107.87,115,1,14.01,180,-1,2,2,3,2,2,2,21.09
40,192,113.61,105.76,-14.16,107.87,115,1,14.01,180,-1,2,2,3,2,2,2,19.37
40,224,99.23,106.72,-16.44,107.87,115,1,14.01,180,-1,2,2,3,2,2,2,19.73
40,256,88.81,107.68,-18.71,107.87,115,1,14.01,180,-1,2,2,3,2,2,2,22.01
40,288,80.95,108.64,-20.98,107.87,115,1,14.01,180,-1,2,2,3,2,2,2,26.1
40,320,74.84,109.6,-23.25,107.87,115,1,14.01,180,-1,2,2,3,2,2,2,31.88
50,39,513.17,101.17,-3.28,107.87,115,1,14.01,180,-1,2,2,3,2,2,2,48.82
50,78,273.17,102.34,-6.06,107.87,115,1,14.01,180,-1,2,2,3,2,2,2,34.98
50,117,182.41,103.51,-8.84,107.87,115,1,14.01,180,-1,2,2,3,2,2,2,25.84
50,156,137.75,104.68,-11.61,107.87,115,1,14.01,180,-1,2,2,3,2,2,2,20.5
50,195,112.04,105.85,-14.38,107.87,115,1,14.01,180,-1,2,2,3,2,2,2,18.45
50,234,95.63,107.02,-17.15,107.87,115,1,14.01,180,-1,2,2,3,2,2,2,19.34
50,273,84.38,108.19,-19.92,107.87,115,1,14.01,180,-1,2,2,3,2,2,2,22.89
50,312,76.23,109.36,-22.69,107.87,115,1,14.01,180,-1,2,2,3,2,2,2,28.93
50,351,70.09,110.53,-25.46,107.87,115,1,14.01,180,-1,2,2,3,2,2,2,37.27
50,390,65.32,111.7,-28.22,107.87,115,1,14.01,180,-1,2,2,3,2,2,2,47.81
60,46,447.04,101.38,-3.78,107.87,115,1,14.01,180,-1,2,2,3,2,2,2,43.87
60,92,231.89,102.76,-7.06,107.87,115,1,14.01,180,-1,2,2,3,2,2,2,29.82
60,138,152.5,104.15,-10.33,107.87,115,1,14.01,180,-1,2,2,3,2,2,2,21.53
60,184,118.08,105.52,-13.6,107.87,115,1,14.01,180,-1,2,2,3,2,2,2,17.89
60,230,97.03,106.9,-16.86,107.87,115,1,14.01,180,-1,2,2,3,2,2,2,18.26
60,276,83.66,108.28,-20.13,107.87,115,1,14.01,180,-1,2,2,3,2,2,2,22.23
60,322,74.5,109.66,-23.4,107.87,115,1,14.01,180,-1,2,2,3,2,2,2,29.47
60,368,67.87,111.04,-26.66,107.87,115,1,14.01,180,-1,2,2,3,2,2,2,39.75
60,414,62.87,112.42,-29.93,107.87,115,1,14.01,180,-1,2,2,3,2,2,2,52.85
60,460,58.98,113.8,-33.19,107.87,115,1,14.01,180,-1,2,2,3,2,2,2,68.63
70,55,381.29,101.65,-4.43,107.87,115,1,14.01,180,-1,2,2,3,2,2,2,38.77
70,110,193.97,103.3,-8.34,107.87,115,1,14.01,180,-1,2,2,3,2,2,2,24.81
70,165,130.63,104.95,-12.25,107.87,115,1,14.01,180,-1,2,2,3,2,2,2,18.03
70,220,100.78,106.6,-16.15,107.87,115,1,14.01,180,-1,2,2,3,2,2,2,17.07
70,275,83.9,108.25,-20.06,107.87,115,1,14.01,180,-1,2,2,3,2,2,2,21.12
70,330,73.2,109.9,-23.96,107.87,115,1,14.01,180,-1,2,2,3,2,2,2,29.66
70,385,65.87,111.55,-27.87,107.87,115,1,14.01,180,-1,2,2,3,2,2,2,42.29
70,440,60.56,113.2,-31.77,107.87,115,1,14.01,180,-1,2,2,3,2,2,2,58.7
70,495,56.55,114.85,-35.68,107.87,115,1,14.01,180,-1,2,2,3,2,2,2,78.65
70,550,53.43,116.5,-39.59,107.87,115,1,14.01,180,-1,2,2,3,2,2,2,101.94
80,64,330.94,101.92,-5.07,107.87,115,1,14.01,180,-1,2,2,3,2,2,2,34.3
80,128,166.88,103.84,-9.62,107.87,115,1,14.01,180,-1,2,2,3,2,2,2,20.91
80,192,113.61,105.76,-14.16,107.87,115,1,14.01,180,-1,2,2,3,2,2,2,16.13
80,256,88.81,107.68,-18.71,107.87,115,1,14.01,180,-1,2,2,3,2,2,2,18.33
80,320,74.84,109.6,-23.25,107.87,115,1,14.01,180,-1,2,2,3,2,2,2,26.55
80,384,65.98,111.52,-27.8,107.87,115,1,14.01,180,-1,2,2,3,2,2,2,40.15
80,448,59.91,113.44,-32.34,107.87,115,1,14.01,180,-1,2,2,3,2,2,2,58.65
80,512,55.51,115.36,-36.89,107.87,115,1,14.01,180,-1,2,2,3,2,2,2,81.68
80,576,52.18,117.28,-41.43,107.87,115,1,14.01,180,-1,2,2,3,2,2,2,108.97
80,640,49.57,119.2,-45.98,107.87,115,1,14.01,180,-1,2,2,3,2,2,2,140.25
90,90,237.03,102.7,-6.92,107.87,115,1,14.01,180,-1,2,2,3,2,2,2,26.42
90,180,120.48,105.4,-13.31,107.87,115,1,14.01,180,-1,2,2,3,2,2,2,15.73
90,270,85.11,108.1,-19.7,107.87,115,1,14.01,180,-1,2,2,3,2,2,2,18.77
90,360,68.89,110.8,-26.09,107.87,115,1,14.01,180,-1,2,2,3,2,2,2,32.91
90,450,59.75,113.5,-32.48,107.87,115,1,14.01,180,-1,2,2,3,2,2,2,56.65
90,540,53.94,116.2,-38.88,107.87,115,1,14.01,180,-1,2,2,3,2,2,2,88.95
90,630,49.94,118.9,-45.27,107.87,115,1,14.01,180,-1,2,2,3,2,2,2,129.07
90,720,47.03,121.6,-51.66,107.87,115,1,14.01,180,-1,2,2,3,2,2,2,176.41
90,810,44.81,124.3,-58.05,107.87,115,1,14.01,180,-1,2,2,3,2,2,2,230.52
90,900,43.07,127,-64.44,107.87,115,1,14.01,180,-1,2,2,3,2,2,2,290.99
0,5,983.27,100.41,-3.17,40.08,100,2,35.45,181,-1,3,3,3,1,1,1,81.89
0,10,1184.21,102.11,-6.34,40.08,100,2,35.45,181,-1,3,3,3,1,1,1,76.91
0,15,1426.22,103.8,-9.51,40.08,100,2,35.45,181,-1,3,3,3,1,1,1,72.54
0,20,1717.68,105.47,-12.68,40.08,100,2,35.45,181,-1,3,3,3,1,1,1,68.68
0,25,2068.71,107.13,-15.85,40.08,100,2,35.45,181,-1,3,3,3,1,1,1,65.26
0,30,2491.47,108.77,-19.02,40.08,100,2,35.45,181,-1,3,3,3,1,1,1,62.22
0,35,3000.64,110.39,-22.19,40.08,100,2,35.45,181,-1,3,3,3,1,1,1,59.54
0,40,3613.85,112,-25.36,40.08,100,2,35.45,181,-1,3,3,3,1,1,1,57.18
0,45,4352.39,113.59,-28.53,40.08,100,2,35.45,181,-1,3,3,3,1,1,1,55.13
0,50,5241.85,115.17,-31.7,40.08,100,2,35.45,181,-1,3,3,3,1,1,1,53.37
10,6,814.82,100.75,-3.8,40.08,100,2,35.45,181,-1,3,3,3,1,1,1,77.23
10,12,1018.53,102.79,-7.61,40.08,100,2,35.45,181,-1,3,3,3,1,1,1,71.74
10,18,1273.15,104.81,-11.41,40.08,100,2,35.45,181,-1,3,3,3,1,1,1,67.04
10,24,1591.44,106.8,-15.22,40.08,100,2,35.45,181,-1,3,3,3,1,1,1,62.97
10,30,1989.29,108.77,-19.02,40.08,100,2,35.45,181,-1,3,3,3,1,1,1,59.44
10,36,2486.6,110.71,-22.82,40.08,100,2,35.45,181,-1,3,3,3,1,1,1,56.4
10,42,3108.24,112.64,-26.63,40.08,100,2,35.45,181,-1,3,3,3,1,1,1,53.81
10,48,3885.29,114.54,-30.43,40.08,100,2,35.45,181,-1,3,3,3,1,1,1,51.63
10,54,4856.6,116.42,-34.24,40.08,100,2,35.45,181,-1,3,3,3,1,1,1,49.83
10,60,6070.72,118.28,-38.04,40.08,100,2,35.45,181,-1,3,3,3,1,1,1,48.4
20,7,684.86,101.09,-4.44,40.08,100,2,35.45,181,-1,3,3,3,1,1,1,72.84
20,14,888.51,103.47,-8.88,40.08,100,2,35.45,181,-1,3,3,3,1,1,1,66.96
20,21,1152.72,105.81,-13.31,40.08,100,2,35.45,181,-1,3,3,3,1,1,1,62.03
20,28,1495.49,108.11,-17.75,40.08,100,2,35.45,181,-1,3,3,3,1,1,1,57.86
20,35,1940.18,110.39,-22.19,40.08,100,2,35.45,181,-1,3,3,3,1,1,1,54.34
20,42,2517.11,112.64,-26.63,40.08,100,2,35.45,181,-1,3,3,3,1,1,1,51.41
20,49,3265.59,114.85,-31.07,40.08,100,2,35.45,181,-1,3,3,3,1,1,1,49.01
20,56,4236.64,117.04,-35.5,40.08,100,2,35.45,181,-1,3,3,3,1,1,1,47.11
20,63,5496.44,119.2,-39.94,40.08,100,2,35.45,181,-1,3,3,3,1,1,1,45.67
20,70,7130.86,121.33,-44.38,40.08,100,2,35.45,181,-1,3,3,3,1,1,1,44.67
30,8,583.08,101.43,-5.07,40.08,100,2,35.45,181,-1,3,3,3,1,1,1,68.72
30,16,785.12,104.14,-10.14,40.08,100,2,35.45,181,-1,3,3,3,1,1,1,62.54
30,24,1057.18,106.8,-15.22,40.08,100,2,35.45,181,-1,3,3,3,1,1,1,57.47
30,32,1423.5,109.42,-20.29,40.08,100,2,35.45,181,-1,3,3,3,1,1,1,53.28
30,40,1916.77,112,-25.36,40.08,100,2,35.45,181,-1,3,3,3,1,1,1,49.86
30,48,2580.96,114.54,-30.43,40.08,100,2,35.45,181,-1,3,3,3,1,1,1,47.12
30,56,3475.3,117.04,-35.5,40.08,100,2,35.45,181,-1,3,3,3,1,1,1,45.01
30,64,4679.55,119.51,-40.58,40.08,100,2,35.45,181,-1,3,3,3,1,1,1,43.47
30,72,6301.08,121.93,-45.65,40.08,100,2,35.45,181,-1,3,3,3,1,1,1,42.48
30,80,8484.5,124.33,-50.72,40.08,100,2,35.45,181,-1,3,3,3,1,1,1,41.99
40,9,502.27,101.77,-5.71,40.08,100,2,35.45,181,-1,3,3,3,1,1,1,64.84
40,18,701.94,104.81,-11.41,40.08,100,2,35.45,181,-1,3,3,3,1,1,1,58.45
40,27,980.98,107.79,-17.12,40.08,100,2,35.45,181,-1,3,3,3,1,1,1,53.31
40,36,1370.96,110.71,-22.82,40.08,100,2,35.45,181,-1,3,3,3,1,1,1,49.18
40,45,1915.96,113.59,-28.53,40.08,100,2,35.45,181,-1,3,3,3,1,1,1,45.92
40,54,2677.62,116.42,-34.24,40.08,100,2,35.45,181,-1,3,3,3,1,1,1,43.45
40,63,3742.07,119.2,-39.94,40.08,100,2,35.45,181,-1,3,3,3,1,1,1,41.69
40,72,5229.67,121.93,-45.65,40.08,100,2,35.45,181,-1,3,3,3,1,1,1,40.58
40,81,7308.65,124.62,-51.35,40.08,100,2,35.45,181,-1,3,3,3,1,1,1,40.19
40,90,10214.09,127.27,-57.06,40.08,100,2,35.45,181,-1,3,3,3,1,1,1,40.19
50,9.5,429.26,101.94,-6.02,40.08,100,2,35.45,181,-1,3,3,3,1,1,1,61.57
50,19,611.16,105.14,-12.05,40.08,100,2,35.45,181,-1,3,3,3,1,1,1,55.24
50,28.5,870.15,108.28,-18.07,40.08,100,2,35.45,181,-1,3,3,3,1,1,1,50.21
50,38,1238.9,111.36,-24.09,40.08,100,2,35.45,181,-1,3,3,3,1,1,1,46.22
50,47.5,1763.9,114.38,-30.12,40.08,100,2,35.45,181,-1,3,3,3,1,1,1,43.14
50,57,2511.38,117.35,-36.14,40.08,100,2,35.45,181,-1,3,3,3,1,1,1,40.87
50,66.5,3575.61,120.27,-42.16,40.08,100,2,35.45,181,-1,3,3,3,1,1,1,39.34
50,76,5090.83,123.13,-48.18,40.08,100,2,35.45,181,-1,3,3,3,1,1,1,38.49
50,85.5,7248.15,125.95,-54.21,40.08,100,2,35.45,181,-1,3,3,3,1,1,1,38.28
50,95,10319.66,128.72,-60.23,40.08,100,2,35.45,181,-1,3,3,3,1,1,1,38.67
60,10,370.48,102.11,-6.34,40.08,100,2,35.45,181,-1,3,3,3,1,1,1,58.46
60,20,537.38,105.47,-12.68,40.08,100,2,35.45,181,-1,3,3,3,1,1,1,52.21
60,30,779.46,108.77,-19.02,40.08,100,2,35.45,181,-1,3,3,3,1,1,1,47.3
60,40,1130.59,112,-25.36,40.08,100,2,35.45,181,-1,3,3,3,1,1,1,43.47
60,50,1639.91,115.17,-31.7,40.08,100,2,35.45,181,-1,3,3,3,1,1,1,40.57
60,60,2378.67,118.28,-38.04,40.08,100,2,35.45,181,-1,3,3,3,1,1,1,38.51
60,70,3450.24,121.33,-44.38,40.08,100,2,35.45,181,-1,3,3,3,1,1,1,37.21
60,80,5004.53,124.33,-50.72,40.08,100,2,35.45,181,-1,3,3,3,1,1,1,36.61
60,90,7259.01,127.27,-57.06,40.08,100,2,35.45,181,-1,3,3,3,1,1,1,36.68
60,100,10529.11,130.15,-63.4,40.08,100,2,35.45,181,-1,3,3,3,1,1,1,37.36
70,10.5,322.64,102.28,-6.66,40.08,100,2,35.45,181,-1,3,3,3,1,1,1,55.52
70,21,476.77,105.81,-13.31,40.08,100,2,35.45,181,-1,3,3,3,1,1,1,49.36
70,31.5,704.53,109.26,-19.97,40.08,100,2,35.45,181,-1,3,3,3,1,1,1,44.58
70,42,1041.1,112.64,-26.63,40.08,100,2,35.45,181,-1,3,3,3,1,1,1,40.91
70,52.5,1538.44,115.95,-33.29,40.08,100,2,35.45,181,-1,3,3,3,1,1,1,38.2
70,63,2273.38,119.2,-39.94,40.08,100,2,35.45,181,-1,3,3,3,1,1,1,36.34
70,73.5,3359.4,122.38,-46.6,40.08,100,2,35.45,181,-1,3,3,3,1,1,1,35.28
70,84,4964.22,125.51,-53.26,40.08,100,2,35.45,181,-1,3,3,3,1,1,1,34.93
70,94.5,7335.69,128.57,-59.91,40.08,100,2,35.45,181,-1,3,3,3,1,1,1,35.26
70,105,10840.04,131.58,-66.57,40.08,100,2,35.45,181,-1,3,3,3,1,1,1,36.23
80,10.75,280.7,102.37,-6.82,40.08,100,2,35.45,181,-1,3,3,3,1,1,1,52.88
80,21.5,418.67,105.97,-13.63,40.08,100,2,35.45,181,-1,3,3,3,1,1,1,46.91
80,32.25,624.45,109.5,-20.45,40.08,100,2,35.45,181,-1,3,3,3,1,1,1,42.3
80,43,931.38,112.96,-27.26,40.08,100,2,35.45,181,-1,3,3,3,1,1,1,38.79
80,53.75,1389.17,116.34,-34.08,40.08,100,2,35.45,181,-1,3,3,3,1,1,1,36.24
80,64.5,2071.97,119.66,-40.89,40.08,100,2,35.45,181,-1,3,3,3,1,1,1,34.53
80,75.25,3090.37,122.91,-47.71,40.08,100,2,35.45,181,-1,3,3,3,1,1,1,33.6
80,86,4609.34,126.1,-54.52,40.08,100,2,35.45,181,-1,3,3,3,1,1,1,33.38
80,96.75,6874.9,129.22,-61.34,40.08,100,2,35.45,181,-1,3,3,3,1,1,1,33.83
80,107.5,10254.02,132.29,-68.16,40.08,100,2,35.45,181,-1,3,3,3,1,1,1,34.92
90,11,246.09,102.45,-6.97,40.08,100,2,35.45,181,-1,3,3,3,1,1,1,50.37
90,22,370.47,106.14,-13.95,40.08,100,2,35.45,181,-1,3,3,3,1,1,1,44.58
90,33,587.73,109.74,-20.92,40.08,100,2,35.45,181,-1,3,3,3,1,1,1,40.15
90,44,839.63,113.27,-27.9,40.08,100,2,35.45,181,-1,3,3,3,1,1,1,36.8
90,55,1264.02,116.73,-34.87,40.08,100,2,35.45,181,-1,3,3,3,1,1,1,34.39
90,66,1902.92,120.12,-41.84,40.08,100,2,35.45,181,-1,3,3,3,1,1,1,32.82
90,77,2864.74,123.43,-48.82,40.08,100,2,35.45,181,-1,3,3,3,1,1,1,32.02
90,88,4312.71,126.68,-55.79,40.08,100,2,35.45,181,-1,3,3,3,1,1,1,31.92
90,99,6492.56,129.87,-62.77,40.08,100,2,35.45,181,-1,3,3,3,1,1,1,32.49
90,110,9774.21,132.99,-69.74,40.08,100,2,35.45,181,-1,3,3,3,1,1,1,33.68
0,1.08,2432.18,100.14,-0.22,63.55,73,2,96.7,230,-2,3,3,3,3,3,3,86.8
0,2.16,2496,100.25,-0.42,63.55,73,2,96.7,230,-2,3,3,3,3,3,3,85.83
0,3.24,2559.82,100.37,-0.62,63.55,73,2,96.7,230,-2,3,3,3,3,3,3,84.9
0,4.32,2623.64,100.49,-0.82,63.55,73,2,96.7,230,-2,3,3,3,3,3,3,83.99
0,5.4,2687.45,100.61,-1.02,63.55,73,2,96.7,230,-2,3,3,3,3,3,3,83.12
0,6.48,2751.27,100.73,-1.21,63.55,73,2,96.7,230,-2,3,3,3,3,3,3,82.26
0,7.56,2815.09,100.85,-1.41,63.55,73,2,96.7,230,-2,3,3,3,3,3,3,81.43
0,8.64,2878.91,100.97,-1.61,63.55,73,2,96.7,230,-2,3,3,3,3,3,3,80.62
0,9.72,2942.73,101.09,-1.81,63.55,73,2,96.7,230,-2,3,3,3,3,3,3,79.83
0,10.8,3006.55,101.2,-2.01,63.55,73,2,96.7,230,-2,3,3,3,3,3,3,79.05
10,1.3,1280.81,100.16,-0.26,63.55,73,2,96.7,230,-2,3,3,3,3,3,3,82.73
10,2.6,1321.05,100.3,-0.5,63.55,73,2,96.7,230,-2,3,3,3,3,3,3,81.63
10,3.9,1361.29,100.45,-0.74,63.55,73,2,96.7,230,-2,3,3,3,3,3,3,80.57
10,5.2,1401.52,100.59,-0.98,63.55,73,2,96.7,230,-2,3,3,3,3,3,3,79.56
10,6.5,1441.76,100.73,-1.22,63.55,73,2,96.7,230,-2,3,3,3,3,3,3,78.57
10,7.8,1482,100.87,-1.46,63.55,73,2,96.7,230,-2,3,3,3,3,3,3,77.62
10,9.1,1522.24,101.02,-1.7,63.55,73,2,96.7,230,-2,3,3,3,3,3,3,76.69
10,10.4,1562.48,101.16,-1.93,63.55,73,2,96.7,230,-2,3,3,3,3,3,3,75.79
10,11.7,1602.71,101.3,-2.17,63.55,73,2,96.7,230,-2,3,3,3,3,3,3,74.91
10,13,1642.95,101.45,-2.41,63.55,73,2,96.7,230,-2,3,3,3,3,3,3,74.06
20,1.677,875.55,100.2,-0.33,63.55,73,2,96.7,230,-2,3,3,3,3,3,3,78.73
20,3.354,910.71,100.39,-0.64,63.55,73,2,96.7,230,-2,3,3,3,3,3,3,77.39
20,5.031,945.88,100.57,-0.95,63.55,73,2,96.7,230,-2,3,3,3,3,3,3,76.13
20,6.708,981.04,100.75,-1.26,63.55,73,2,96.7,230,-2,3,3,3,3,3,3,74.92
20,8.385,1016.2,100.94,-1.56,63.55,73,2,96.7,230,-2,3,3,3,3,3,3,73.75
20,10.062,1051.36,101.12,-1.87,63.55,73,2,96.7,230,-2,3,3,3,3,3,3,72.63
20,11.739,1086.53,101.31,-2.18,63.55,73,2,96.7,230,-2,3,3,3,3,3,3,71.54
20,13.416,1121.69,101.49,-2.49,63.55,73,2,96.7,230,-2,3,3,3,3,3,3,70.49
20,15.093,1156.85,101.68,-2.8,63.55,73,2,96.7,230,-2,3,3,3,3,3,3,69.48
20,16.77,1192.02,101.86,-3.1,63.55,73,2,96.7,230,-2,3,3,3,3,3,3,68.49
30,2.2,670.29,100.26,-0.43,63.55,73,2,96.7,230,-2,3,3,3,3,3,3,74.8
30,4.4,705.17,100.5,-0.83,63.55,73,2,96.7,230,-2,3,3,3,3,3,3,73.17
30,6.6,740.05,100.74,-1.24,63.55,73,2,96.7,230,-2,3,3,3,3,3,3,71.64
30,8.8,774.93,100.98,-1.64,63.55,73,2,96.7,230,-2,3,3,3,3,3,3,70.19
30,11,809.8,101.23,-2.04,63.55,73,2,96.7,230,-2,3,3,3,3,3,3,68.8
30,13.2,844.68,101.47,-2.45,63.55,73,2,96.7,230,-2,3,3,3,3,3,3,67.47
30,15.4,879.56,101.71,-2.85,63.55,73,2,96.7,230,-2,3,3,3,3,3,3,66.2
30,17.6,914.44,101.95,-3.26,63.55,73,2,96.7,230,-2,3,3,3,3,3,3,64.98
30,19.8,949.32,102.19,-3.66,63.55,73,2,96.7,230,-2,3,3,3,3,3,3,63.8
30,22,984.2,102.44,-4.06,63.55,73,2,96.7,230,-2,3,3,3,3,3,3,62.68
40,2.7,545.24,100.31,-0.52,63.55,73,2,96.7,230,-2,3,3,3,3,3,3,71.1
40,5.4,579.65,100.61,-1.02,63.55,73,2,96.7,230,-2,3,3,3,3,3,3,69.23
40,8.1,614.06,100.91,-1.51,63.55,73,2,96.7,230,-2,3,3,3,3,3,3,67.49
40,10.8,648.47,101.2,-2.01,63.55,73,2,96.7,230,-2,3,3,3,3,3,3,65.84
40,13.5,682.88,101.5,-2.5,63.55,73,2,96.7,230,-2,3,3,3,3,3,3,64.29
40,16.2,717.29,101.8,-3,63.55,73,2,96.7,230,-2,3,3,3,3,3,3,62.81
40,18.9,751.71,102.1,-3.49,63.55,73,2,96.7,230,-2,3,3,3,3,3,3,61.41
40,21.6,786.12,102.39,-3.99,63.55,73,2,96.7,230,-2,3,3,3,3,3,3,60.07
40,24.3,820.53,102.69,-4.49,63.55,73,2,96.7,230,-2,3,3,3,3,3,3,58.79
40,27,854.94,102.99,-4.98,63.55,73,2,96.7,230,-2,3,3,3,3,3,3,57.57
50,3.2,461.18,100.37,-0.61,63.55,73,2,96.7,230,-2,3,3,3,3,3,3,67.58
50,6.4,495.28,100.72,-1.2,63.55,73,2,96.7,230,-2,3,3,3,3,3,3,65.51
50,9.6,529.38,101.07,-1.79,63.55,73,2,96.7,230,-2,3,3,3,3,3,3,63.59
50,12.8,563.48,101.42,-2.37,63.55,73,2,96.7,230,-2,3,3,3,3,3,3,61.8
50,16,597.57,101.78,-2.96,63.55,73,2,96.7,230,-2,3,3,3,3,3,3,60.11
50,19.2,631.67,102.13,-3.55,63.55,73,2,96.7,230,-2,3,3,3,3,3,3,58.52
50,22.4,665.77,102.48,-4.14,63.55,73,2,96.7,230,-2,3,3,3,3,3,3,57.02
50,25.6,699.87,102.83,-4.72,63.55,73,2,96.7,230,-2,3,3,3,3,3,3,55.6
50,28.8,733.97,103.18,-5.31,63.55,73,2,96.7,230,-2,3,3,3,3,3,3,54.25
50,32,768.07,103.54,-5.9,63.55,73,2,96.7,230,-2,3,3,3,3,3,3,52.98
60,3.7,400.8,100.42,-0.7,63.55,73,2,96.7,230,-2,3,3,3,3,3,3,64.24
60,7.4,434.68,100.83,-1.38,63.55,73,2,96.7,230,-2,3,3,3,3,3,3,61.99
60,11.1,468.55,101.24,-2.06,63.55,73,2,96.7,230,-2,3,3,3,3,3,3,59.93
60,14.8,502.42,101.64,-2.74,63.55,73,2,96.7,230,-2,3,3,3,3,3,3,58.02
60,18.5,536.3,102.05,-3.42,63.55,73,2,96.7,230,-2,3,3,3,3,3,3,56.23
60,22.2,570.17,102.46,-4.1,63.55,73,2,96.7,230,-2,3,3,3,3,3,3,54.56
60,25.9,604.04,102.87,-4.78,63.55,73,2,96.7,230,-2,3,3,3,3,3,3,52.99
60,29.6,637.92,103.27,-5.46,63.55,73,2,96.7,230,-2,3,3,3,3,3,3,51.52
60,33.3,671.79,103.68,-6.14,63.55,73,2,96.7,230,-2,3,3,3,3,3,3,50.14
60,37,705.66,104.09,-6.82,63.55,73,2,96.7,230,-2,3,3,3,3,3,3,48.84
70,4.35,356.54,100.5,-0.82,63.55,73,2,96.7,230,-2,3,3,3,3,3,3,60.98
70,8.7,391.44,100.97,-1.62,63.55,73,2,96.7,230,-2,3,3,3,3,3,3,58.52
70,13.05,426.35,101.45,-2.42,63.55,73,2,96.7,230,-2,3,3,3,3,3,3,56.27
70,17.4,461.26,101.93,-3.22,63.55,73,2,96.7,230,-2,3,3,3,3,3,3,54.21
70,21.75,496.17,102.41,-4.02,63.55,73,2,96.7,230,-2,3,3,3,3,3,3,52.31
70,26.1,531.07,102.89,-4.82,63.55,73,2,96.7,230,-2,3,3,3,3,3,3,50.54
70,30.45,565.98,103.37,-5.61,63.55,73,2,96.7,230,-2,3,3,3,3,3,3,48.91
70,34.8,600.89,103.84,-6.41,63.55,73,2,96.7,230,-2,3,3,3,3,3,3,47.39
70,39.15,635.8,104.32,-7.21,63.55,73,2,96.7,230,-2,3,3,3,3,3,3,45.98
70,43.5,670.7,104.8,-8.01,63.55,73,2,96.7,230,-2,3,3,3,3,3,3,44.67
80,5.06,322.43,100.57,-0.95,63.55,73,2,96.7,230,-2,3,3,3,3,3,3,57.85
80,10.12,358.57,101.13,-1.88,63.55,73,2,96.7,230,-2,3,3,3,3,3,3,55.18
80,15.18,394.71,101.69,-2.81,63.55,73,2,96.7,230,-2,3,3,3,3,3,3,52.78
80,20.24,430.86,102.24,-3.74,63.55,73,2,96.7,230,-2,3,3,3,3,3,3,50.59
80,25.3,467,102.8,-4.67,63.55,73,2,96.7,230,-2,3,3,3,3,3,3,48.59
80,30.36,503.14,103.36,-5.6,63.55,73,2,96.7,230,-2,3,3,3,3,3,3,46.75
80,35.42,539.29,103.91,-6.53,63.55,73,2,96.7,230,-2,3,3,3,3,3,3,45.07
80,40.48,575.43,104.47,-7.45,63.55,73,2,96.7,230,-2,3,3,3,3,3,3,43.53
80,45.54,611.57,105.03,-8.38,63.55,73,2,96.7,230,-2,3,3,3,3,3,3,42.12
80,50.6,647.71,105.58,-9.31,63.55,73,2,96.7,230,-2,3,3,3,3,3,3,40.84
90,7.06,303.38,100.79,-1.32,63.55,73,2,96.7,230,-2,3,3,3,3,3,3,54.23
90,14.12,348.81,101.57,-2.62,63.55,73,2,96.7,230,-2,3,3,3,3,3,3,50.88
90,21.18,394.25,102.35,-3.91,63.55,73,2,96.7,230,-2,3,3,3,3,3,3,47.96
90,28.24,439.68,103.12,-5.21,63.55,73,2,96.7,230,-2,3,3,3,3,3,3,45.38
90,35.3,485.12,103.9,-6.5,63.55,73,2,96.7,230,-2,3,3,3,3,3,3,43.09
90,42.36,530.55,104.68,-7.8,63.55,73,2,96.7,230,-2,3,3,3,3,3,3,41.07
90,49.42,575.99,105.45,-9.09,63.55,73,2,96.7,230,-2,3,3,3,3,3,3,39.29
90,56.48,621.43,106.23,-10.39,63.55,73,2,96.7,230,-2,3,3,3,3,3,3,37.73
90,63.54,666.86,107.01,-11.69,63.55,73,2,96.7,230,-2,3,3,3,3,3,3,36.38
90,70.6,712.3,107.78,-12.98,63.55,73,2,96.7,230,-2,3,3,3,3,3,3,35.22
0,4.5,1272.82,100.19,-1.49,39.1,138,1,79.9,196,-1,1,1,2,2,2,2,82.16
0,9,1361.45,100.39,-2.97,39.1,138,1,79.9,196,-1,1,1,2,2,2,2,77.38
0,13.5,1450.09,100.58,-4.46,39.1,138,1,79.9,196,-1,1,1,2,2,2,2,73.17
0,18,1538.73,100.77,-5.94,39.1,138,1,79.9,196,-1,1,1,2,2,2,2,69.43
0,22.5,1627.36,100.96,-7.43,39.1,138,1,79.9,196,-1,1,1,2,2,2,2,66.09
0,27,1716,101.16,-8.91,39.1,138,1,79.9,196,-1,1,1,2,2,2,2,63.1
0,31.5,1804.64,101.35,-10.4,39.1,138,1,79.9,196,-1,1,1,2,2,2,2,60.45
0,36,1893.27,101.54,-11.88,39.1,138,1,79.9,196,-1,1,1,2,2,2,2,58.1
0,40.5,1981.91,101.74,-13.37,39.1,138,1,79.9,196,-1,1,1,2,2,2,2,56.03
0,45,2070.55,101.93,-14.85,39.1,138,1,79.9,196,-1,1,1,2,2,2,2,54.23
10,5.1,672.9,100.22,-1.68,39.1,138,1,79.9,196,-1,1,1,2,2,2,2,77.85
10,10.2,725.52,100.44,-3.37,39.1,138,1,79.9,196,-1,1,1,2,2,2,2,72.8
10,15.3,778.14,100.66,-5.05,39.1,138,1,79.9,196,-1,1,1,2,2,2,2,68.42
10,20.4,830.76,100.87,-6.73,39.1,138,1,79.9,196,-1,1,1,2,2,2,2,64.58
10,25.5,883.38,101.09,-8.42,39.1,138,1,79.9,196,-1,1,1,2,2,2,2,61.2
10,30.6,936,101.31,-10.1,39.1,138,1,79.9,196,-1,1,1,2,2,2,2,58.23
10,35.7,988.62,101.53,-11.78,39.1,138,1,79.9,196,-1,1,1,2,2,2,2,55.64
10,40.8,1041.24,101.75,-13.46,39.1,138,1,79.9,196,-1,1,1,2,2,2,2,53.4
10,45.9,1093.86,101.97,-15.15,39.1,138,1,79.9,196,-1,1,1,2,2,2,2,51.49
10,51,1146.48,102.19,-16.83,39.1,138,1,79.9,196,-1,1,1,2,2,2,2,49.88
20,5.7,460.03,100.24,-1.88,39.1,138,1,79.9,196,-1,1,1,2,2,2,2,73.76
20,11.4,499.87,100.49,-3.76,39.1,138,1,79.9,196,-1,1,1,2,2,2,2,68.51
20,17.1,539.71,100.73,-5.64,39.1,138,1,79.9,196,-1,1,1,2,2,2,2,64.01
20,22.8,579.55,100.98,-7.52,39.1,138,1,79.9,196,-1,1,1,2,2,2,2,60.12
20,28.5,619.39,101.22,-9.41,39.1,138,1,79.9,196,-1,1,1,2,2,2,2,56.75
20,34.2,659.23,101.47,-11.29,39.1,138,1,79.9,196,-1,1,1,2,2,2,2,53.85
20,39.9,699.06,101.71,-13.17,39.1,138,1,79.9,196,-1,1,1,2,2,2,2,51.37
20,45.6,738.9,101.95,-15.05,39.1,138,1,79.9,196,-1,1,1,2,2,2,2,49.29
20,51.3,778.74,102.2,-16.93,39.1,138,1,79.9,196,-1,1,1,2,2,2,2,47.57
20,57,818.58,102.44,-18.81,39.1,138,1,79.9,196,-1,1,1,2,2,2,2,46.21
30,6.4,351.53,100.27,-2.11,39.1,138,1,79.9,196,-1,1,1,2,2,2,2,69.81
30,12.8,385.35,100.55,-4.22,39.1,138,1,79.9,196,-1,1,1,2,2,2,2,64.34
30,19.2,419.17,100.82,-6.34,39.1,138,1,79.9,196,-1,1,1,2,2,2,2,59.72
30,25.6,452.99,101.1,-8.45,39.1,138,1,79.9,196,-1,1,1,2,2,2,2,55.8
30,32,486.81,101.37,-10.56,39.1,138,1,79.9,196,-1,1,1,2,2,2,2,52.46
30,38.4,520.63,101.65,-12.67,39.1,138,1,79.9,196,-1,1,1,2,2,2,2,49.66
30,44.8,554.46,101.92,-14.78,39.1,138,1,79.9,196,-1,1,1,2,2,2,2,47.34
30,51.2,588.28,102.19,-16.9,39.1,138,1,79.9,196,-1,1,1,2,2,2,2,45.48
30,57.6,622.1,102.47,-19.01,39.1,138,1,79.9,196,-1,1,1,2,2,2,2,44.03
30,64,655.92,102.74,-21.12,39.1,138,1,79.9,196,-1,1,1,2,2,2,2,42.97
40,7,285.15,100.3,-2.31,39.1,138,1,79.9,196,-1,1,1,2,2,2,2,66.16
40,14,314.89,100.6,-4.62,39.1,138,1,79.9,196,-1,1,1,2,2,2,2,60.58
40,21,344.63,100.9,-6.93,39.1,138,1,79.9,196,-1,1,1,2,2,2,2,55.94
40,28,374.37,101.2,-9.24,39.1,138,1,79.9,196,-1,1,1,2,2,2,2,52.05
40,35,404.1,101.5,-11.55,39.1,138,1,79.9,196,-1,1,1,2,2,2,2,48.8
40,42,433.84,101.8,-13.86,39.1,138,1,79.9,196,-1,1,1,2,2,2,2,46.14
40,49,463.58,102.1,-16.17,39.1,138,1,79.9,196,-1,1,1,2,2,2,2,44.01
40,56,493.32,102.4,-18.48,39.1,138,1,79.9,196,-1,1,1,2,2,2,2,42.37
40,63,523.06,102.7,-20.79,39.1,138,1,79.9,196,-1,1,1,2,2,2,2,41.18
40,70,552.8,103,-23.1,39.1,138,1,79.9,196,-1,1,1,2,2,2,2,40.43
50,7.5,240.18,100.32,-2.48,39.1,138,1,79.9,196,-1,1,1,2,2,2,2,62.79
50,15,266.82,100.64,-4.95,39.1,138,1,79.9,196,-1,1,1,2,2,2,2,57.19
50,22.5,293.46,100.96,-7.43,39.1,138,1,79.9,196,-1,1,1,2,2,2,2,52.59
50,30,320.1,101.29,-9.9,39.1,138,1,79.9,196,-1,1,1,2,2,2,2,48.78
50,37.5,346.74,101.61,-12.38,39.1,138,1,79.9,196,-1,1,1,2,2,2,2,45.66
50,45,373.38,101.93,-14.85,39.1,138,1,79.9,196,-1,1,1,2,2,2,2,43.15
50,52.5,400.02,102.25,-17.33,39.1,138,1,79.9,196,-1,1,1,2,2,2,2,41.2
50,60,426.66,102.57,-19.8,39.1,138,1,79.9,196,-1,1,1,2,2,2,2,39.78
50,67.5,453.3,102.89,-22.28,39.1,138,1,79.9,196,-1,1,1,2,2,2,2,38.84
50,75,479.93,103.21,-24.75,39.1,138,1,79.9,196,-1,1,1,2,2,2,2,38.35
60,8,207.88,100.34,-2.64,39.1,138,1,79.9,196,-1,1,1,2,2,2,2,59.59
60,16,232.29,100.69,-5.28,39.1,138,1,79.9,196,-1,1,1,2,2,2,2,54
60,24,256.7,101.03,-7.92,39.1,138,1,79.9,196,-1,1,1,2,2,2,2,49.45
60,32,281.12,101.37,-10.56,39.1,138,1,79.9,196,-1,1,1,2,2,2,2,45.74
60,40,305.53,101.71,-13.2,39.1,138,1,79.9,196,-1,1,1,2,2,2,2,42.76
60,48,329.94,102.06,-15.84,39.1,138,1,79.9,196,-1,1,1,2,2,2,2,40.42
60,56,354.36,102.4,-18.48,39.1,138,1,79.9,196,-1,1,1,2,2,2,2,38.67
60,64,378.77,102.74,-21.12,39.1,138,1,79.9,196,-1,1,1,2,2,2,2,37.47
60,72,403.18,103.09,-23.76,39.1,138,1,79.9,196,-1,1,1,2,2,2,2,36.77
60,80,427.6,103.43,-26.4,39.1,138,1,79.9,196,-1,1,1,2,2,2,2,36.56
70,8.6,183.82,100.37,-2.84,39.1,138,1,79.9,196,-1,1,1,2,2,2,2,56.49
70,17.2,206.82,100.74,-5.68,39.1,138,1,79.9,196,-1,1,1,2,2,2,2,50.88
70,25.8,229.83,101.11,-8.51,39.1,138,1,79.9,196,-1,1,1,2,2,2,2,46.38
70,34.4,252.83,101.47,-11.35,39.1,138,1,79.9,196,-1,1,1,2,2,2,2,42.77
70,43,275.84,101.84,-14.19,39.1,138,1,79.9,196,-1,1,1,2,2,2,2,39.94
70,51.6,298.84,102.21,-17.03,39.1,138,1,79.9,196,-1,1,1,2,2,2,2,37.79
70,60.2,321.84,102.58,-19.87,39.1,138,1,79.9,196,-1,1,1,2,2,2,2,36.27
70,68.8,344.85,102.95,-22.7,39.1,138,1,79.9,196,-1,1,1,2,2,2,2,35.34
70,77.4,367.85,103.32,-25.54,39.1,138,1,79.9,196,-1,1,1,2,2,2,2,34.95
70,86,390.86,103.69,-28.38,39.1,138,1,79.9,196,-1,1,1,2,2,2,2,35.07
80,9.2,165.05,100.39,-3.04,39.1,138,1,79.9,196,-1,1,1,2,2,2,2,53.55
80,18.4,186.95,100.79,-6.07,39.1,138,1,79.9,196,-1,1,1,2,2,2,2,47.95
80,27.6,208.86,101.18,-9.11,39.1,138,1,79.9,196,-1,1,1,2,2,2,2,43.52
80,36.8,230.76,101.58,-12.14,39.1,138,1,79.9,196,-1,1,1,2,2,2,2,40.04
80,46,252.67,101.97,-15.18,39.1,138,1,79.9,196,-1,1,1,2,2,2,2,37.37
80,55.2,274.57,102.37,-18.22,39.1,138,1,79.9,196,-1,1,1,2,2,2,2,35.43
80,64.4,296.48,102.76,-21.25,39.1,138,1,79.9,196,-1,1,1,2,2,2,2,34.15
80,73.6,318.38,103.15,-24.29,39.1,138,1,79.9,196,-1,1,1,2,2,2,2,33.49
80,82.8,340.29,103.55,-27.32,39.1,138,1,79.9,196,-1,1,1,2,2,2,2,33.4
80,92,362.19,103.94,-30.36,39.1,138,1,79.9,196,-1,1,1,2,2,2,2,33.86
90,10,150.42,100.43,-3.3,39.1,138,1,79.9,196,-1,1,1,2,2,2,2,50.64
90,20,171.87,100.86,-6.6,39.1,138,1,79.9,196,-1,1,1,2,2,2,2,45
90,30,193.33,101.29,-9.9,39.1,138,1,79.9,196,-1,1,1,2,2,2,2,40.63
90,40,214.78,101.71,-13.2,39.1,138,1,79.9,196,-1,1,1,2,2,2,2,37.28
90,50,236.23,102.14,-16.5,39.1,138,1,79.9,196,-1,1,1,2,2,2,2,34.81
90,60,257.68,102.57,-19.8,39.1,138,1,79.9,196,-1,1,1,2,2,2,2,33.13
90,70,279.14,103,-23.1,39.1,138,1,79.9,196,-1,1,1,2,2,2,2,32.17
90,80,300.59,103.43,-26.4,39.1,138,1,79.9,196,-1,1,1,2,2,2,2,31.88
90,90,322.04,103.86,-29.7,39.1,138,1,79.9,196,-1,1,1,2,2,2,2,32.21
90,100,343.49,104.29,-33,39.1,138,1,79.9,196,-1,1,1,2,2,2,2,33.12
0,0.5,1150,100.03,-0.2,22.99,102,1,60.01,200,-2,1,1,1,3,3,3,87.11
0,1,2333.33,100.05,-0.39,22.99,102,1,60.01,200,-2,1,1,1,3,3,3,86.41
0,1.5,3550,100.07,-0.58,22.99,102,1,60.01,200,-2,1,1,1,3,3,3,85.74
0,2,4800,100.08,-0.77,22.99,102,1,60.01,200,-2,1,1,1,3,3,3,85.08
0,2.5,6083.33,100.1,-0.96,22.99,102,1,60.01,200,-2,1,1,1,3,3,3,84.45
0,3,7400,100.12,-1.16,22.99,102,1,60.01,200,-2,1,1,1,3,3,3,83.82
0,3.5,8750,100.13,-1.35,22.99,102,1,60.01,200,-2,1,1,1,3,3,3,83.21
0,4,10133.33,100.15,-1.54,22.99,102,1,60.01,200,-2,1,1,1,3,3,3,82.61
0,4.5,11550,100.17,-1.73,22.99,102,1,60.01,200,-2,1,1,1,3,3,3,82.02
0,5,13000,100.18,-1.92,22.99,102,1,60.01,200,-2,1,1,1,3,3,3,81.44
10,1.2,1564.44,100.06,-0.47,22.99,102,1,60.01,200,-2,1,1,1,3,3,3,82.29
10,2.4,2240,100.1,-0.93,22.99,102,1,60.01,200,-2,1,1,1,3,3,3,80.79
10,3.6,2654.12,100.14,-1.38,22.99,102,1,60.01,200,-2,1,1,1,3,3,3,79.38
10,4.8,2956.19,100.18,-1.84,22.99,102,1,60.01,200,-2,1,1,1,3,3,3,78.02
10,6,3200,100.22,-2.3,22.99,102,1,60.01,200,-2,1,1,1,3,3,3,76.72
10,7.2,3409.66,100.25,-2.76,22.99,102,1,60.01,200,-2,1,1,1,3,3,3,75.47
10,8.4,3597.58,100.29,-3.22,22.99,102,1,60.01,200,-2,1,1,1,3,3,3,74.27
10,9.6,3770.81,100.33,-3.68,22.99,102,1,60.01,200,-2,1,1,1,3,3,3,73.11
10,10.8,3933.66,100.37,-4.13,22.99,102,1,60.01,200,-2,1,1,1,3,3,3,71.98
10,12,4088.89,100.4,-4.59,22.99,102,1,60.01,200,-2,1,1,1,3,3,3,70.89
20,1.9,1286.98,100.08,-0.74,22.99,102,1,60.01,200,-2,1,1,1,3,3,3,77.77
20,3.8,1578.46,100.14,-1.46,22.99,102,1,60.01,200,-2,1,1,1,3,3,3,75.61
20,5.7,1754.19,100.21,-2.19,22.99,102,1,60.01,200,-2,1,1,1,3,3,3,73.6
20,7.6,1893.17,100.27,-2.91,22.99,102,1,60.01,200,-2,1,1,1,3,3,3,71.71
20,9.5,2015.85,100.33,-3.64,22.99,102,1,60.01,200,-2,1,1,1,3,3,3,69.93
20,11.4,2129.88,100.39,-4.36,22.99,102,1,60.01,200,-2,1,1,1,3,3,3,68.24
20,13.3,2238.75,100.44,-5.09,22.99,102,1,60.01,200,-2,1,1,1,3,3,3,66.64
20,15.2,2344.33,100.5,-5.81,22.99,102,1,60.01,200,-2,1,1,1,3,3,3,65.11
20,17.1,2447.65,100.55,-6.54,22.99,102,1,60.01,200,-2,1,1,1,3,3,3,63.66
20,19,2549.37,100.61,-7.27,22.99,102,1,60.01,200,-2,1,1,1,3,3,3,62.28
30,3.2,1072.43,100.12,-1.23,22.99,102,1,60.01,200,-2,1,1,1,3,3,3,72.87
30,6.4,1249.08,100.23,-2.45,22.99,102,1,60.01,200,-2,1,1,1,3,3,3,69.64
30,9.6,1381.39,100.33,-3.68,22.99,102,1,60.01,200,-2,1,1,1,3,3,3,66.72
30,12.8,1501.35,100.43,-4.9,22.99,102,1,60.01,200,-2,1,1,1,3,3,3,64.06
30,16,1616.16,100.52,-6.12,22.99,102,1,60.01,200,-2,1,1,1,3,3,3,61.61
30,19.2,1728.32,100.61,-7.34,22.99,102,1,60.01,200,-2,1,1,1,3,3,3,59.36
30,22.4,1838.95,100.7,-8.56,22.99,102,1,60.01,200,-2,1,1,1,3,3,3,57.29
30,25.6,1948.61,100.79,-9.79,22.99,102,1,60.01,200,-2,1,1,1,3,3,3,55.39
30,28.8,2057.61,100.87,-11.01,22.99,102,1,60.01,200,-2,1,1,1,3,3,3,53.64
30,32,2166.15,100.95,-12.23,22.99,102,1,60.01,200,-2,1,1,1,3,3,3,52.04
40,4.5,888.46,100.17,-1.73,22.99,102,1,60.01,200,-2,1,1,1,3,3,3,68.32
40,9,1032,100.31,-3.45,22.99,102,1,60.01,200,-2,1,1,1,3,3,3,64.24
40,13.5,1155.41,100.45,-5.17,22.99,102,1,60.01,200,-2,1,1,1,3,3,3,60.67
40,18,1273.47,100.58,-6.88,22.99,102,1,60.01,200,-2,1,1,1,3,3,3,57.5
40,22.5,1389.34,100.71,-8.6,22.99,102,1,60.01,200,-2,1,1,1,3,3,3,54.68
40,27,1504.11,100.82,-10.32,22.99,102,1,60.01,200,-2,1,1,1,3,3,3,52.17
40,31.5,1618.24,100.94,-12.04,22.99,102,1,60.01,200,-2,1,1,1,3,3,3,49.94
40,36,1731.96,101.05,-13.76,22.99,102,1,60.01,200,-2,1,1,1,3,3,3,47.98
40,40.5,1845.41,101.15,-15.48,22.99,102,1,60.01,200,-2,1,1,1,3,3,3,46.26
40,45,1958.68,101.25,-17.2,22.99,102,1,60.01,200,-2,1,1,1,3,3,3,44.78
50,4.25,714.56,100.16,-1.63,22.99,102,1,60.01,200,-2,1,1,1,3,3,3,65.5
50,8.5,821.02,100.3,-3.26,22.99,102,1,60.01,200,-2,1,1,1,3,3,3,61.78
50,12.75,913.51,100.43,-4.88,22.99,102,1,60.01,200,-2,1,1,1,3,3,3,58.5
50,17,1002.31,100.55,-6.5,22.99,102,1,60.01,200,-2,1,1,1,3,3,3,55.57
50,21.25,1089.62,100.67,-8.13,22.99,102,1,60.01,200,-2,1,1,1,3,3,3,52.95
50,25.5,1176.16,100.78,-9.75,22.99,102,1,60.01,200,-2,1,1,1,3,3,3,50.6
50,29.75,1262.27,100.89,-11.37,22.99,102,1,60.01,200,-2,1,1,1,3,3,3,48.51
50,34,1348.1,101,-12.99,22.99,102,1,60.01,200,-2,1,1,1,3,3,3,46.64
50,38.25,1433.75,101.1,-14.62,22.99,102,1,60.01,200,-2,1,1,1,3,3,3,44.99
50,42.5,1519.28,101.19,-16.24,22.99,102,1,60.01,200,-2,1,1,1,3,3,3,43.54
60,4,596.08,100.15,-1.54,22.99,102,1,60.01,200,-2,1,1,1,3,3,3,62.8
60,8,678.79,100.28,-3.06,22.99,102,1,60.01,200,-2,1,1,1,3,3,3,59.41
60,12,751.02,100.4,-4.59,22.99,102,1,60.01,200,-2,1,1,1,3,3,3,56.41
60,16,820.51,100.52,-6.12,22.99,102,1,60.01,200,-2,1,1,1,3,3,3,53.72
60,20,888.89,100.64,-7.65,22.99,102,1,60.01,200,-2,1,1,1,3,3,3,51.29
60,24,956.7,100.75,-9.18,22.99,102,1,60.01,200,-2,1,1,1,3,3,3,49.11
60,28,1024.19,100.85,-10.7,22.99,102,1,60.01,200,-2,1,1,1,3,3,3,47.14
60,32,1091.47,100.95,-12.23,22.99,102,1,60.01,200,-2,1,1,1,3,3,3,45.37
60,36,1158.62,101.05,-13.76,22.99,102,1,60.01,200,-2,1,1,1,3,3,3,43.79
60,40,1225.67,101.14,-15.29,22.99,102,1,60.01,200,-2,1,1,1,3,3,3,42.39
70,3.95,514.25,100.15,-1.52,22.99,102,1,60.01,200,-2,1,1,1,3,3,3,60.04
70,7.9,582.76,100.28,-3.03,22.99,102,1,60.01,200,-2,1,1,1,3,3,3,56.84
70,11.85,643.37,100.4,-4.54,22.99,102,1,60.01,200,-2,1,1,1,3,3,3,53.99
70,15.8,701.91,100.52,-6.04,22.99,102,1,60.01,200,-2,1,1,1,3,3,3,51.44
70,19.75,759.62,100.63,-7.55,22.99,102,1,60.01,200,-2,1,1,1,3,3,3,49.14
70,23.7,816.9,100.74,-9.06,22.99,102,1,60.01,200,-2,1,1,1,3,3,3,47.06
70,27.65,873.94,100.84,-10.57,22.99,102,1,60.01,200,-2,1,1,1,3,3,3,45.19
70,31.6,930.83,100.94,-12.08,22.99,102,1,60.01,200,-2,1,1,1,3,3,3,43.5
70,35.55,987.62,101.03,-13.59,22.99,102,1,60.01,200,-2,1,1,1,3,3,3,41.99
70,39.5,1044.33,101.13,-15.1,22.99,102,1,60.01,200,-2,1,1,1,3,3,3,40.65
80,3.9,452.02,100.15,-1.5,22.99,102,1,60.01,200,-2,1,1,1,3,3,3,57.4
80,7.8,510.23,100.27,-2.99,22.99,102,1,60.01,200,-2,1,1,1,3,3,3,54.37
80,11.7,562.24,100.4,-4.48,22.99,102,1,60.01,200,-2,1,1,1,3,3,3,51.68
80,15.6,612.64,100.51,-5.97,22.99,102,1,60.01,200,-2,1,1,1,3,3,3,49.26
80,19.5,662.38,100.62,-7.46,22.99,102,1,60.01,200,-2,1,1,1,3,3,3,47.08
80,23.4,711.8,100.73,-8.95,22.99,102,1,60.01,200,-2,1,1,1,3,3,3,45.1
80,27.3,761.02,100.83,-10.44,22.99,102,1,60.01,200,-2,1,1,1,3,3,3,43.32
80,31.2,810.13,100.93,-11.93,22.99,102,1,60.01,200,-2,1,1,1,3,3,3,41.71
80,35.1,859.16,101.02,-13.41,22.99,102,1,60.01,200,-2,1,1,1,3,3,3,40.27
80,39,908.13,101.12,-14.9,22.99,102,1,60.01,200,-2,1,1,1,3,3,3,38.99
90,3.8,402.35,100.14,-1.46,22.99,102,1,60.01,200,-2,1,1,1,3,3,3,54.91
90,7.6,452.3,100.27,-2.91,22.99,102,1,60.01,200,-2,1,1,1,3,3,3,52.08
90,11.4,497.18,100.39,-4.36,22.99,102,1,60.01,200,-2,1,1,1,3,3,3,49.56
90,15.2,540.74,100.5,-5.81,22.99,102,1,60.01,200,-2,1,1,1,3,3,3,47.29
90,19,583.77,100.61,-7.27,22.99,102,1,60.01,200,-2,1,1,1,3,3,3,45.23
90,22.8,626.53,100.71,-8.72,22.99,102,1,60.01,200,-2,1,1,1,3,3,3,43.37
90,26.6,669.14,100.81,-10.17,22.99,102,1,60.01,200,-2,1,1,1,3,3,3,41.68
90,30.4,711.65,100.91,-11.62,22.99,102,1,60.01,200,-2,1,1,1,3,3,3,40.15
90,34.2,754.1,101,-13.07,22.99,102,1,60.01,200,-2,1,1,1,3,3,3,38.78
90,38,796.51,101.09,-14.52,22.99,102,1,60.01,200,-2,1,1,1,3,3,3,37.55
0,3.06,2488.91,100.01,-1.05,22.99,102,1,34.45,181,-1,1,1,1,1,1,1,80.82
0,6.12,2609.45,100.72,-2.08,22.99,102,1,34.45,181,-1,1,1,1,1,1,1,75.07
0,9.18,2730,101.44,-3.12,22.99,102,1,34.45,181,-1,1,1,1,1,1,1,70.14
0,12.24,2850.55,102.16,-4.16,22.99,102,1,34.45,181,-1,1,1,1,1,1,1,65.87
0,15.3,2971.09,102.86,-5.2,22.99,102,1,34.45,181,-1,1,1,1,1,1,1,62.18
0,18.36,3091.64,103.57,-6.24,22.99,102,1,34.45,181,-1,1,1,1,1,1,1,59
0,21.42,3212.18,104.28,-7.27,22.99,102,1,34.45,181,-1,1,1,1,1,1,1,56.28
0,24.48,3332.73,104.99,-8.31,22.99,102,1,34.45,181,-1,1,1,1,1,1,1,54
0,27.54,3453.27,105.71,-9.35,22.99,102,1,34.45,181,-1,1,1,1,1,1,1,52.12
0,30.6,3573.82,106.42,-10.39,22.99,102,1,34.45,181,-1,1,1,1,1,1,1,50.63
10,3.12,1304.95,100.03,-1.07,22.99,102,1,34.45,181,-1,1,1,1,1,1,1,77.09
10,6.24,1369.33,100.75,-2.12,22.99,102,1,34.45,181,-1,1,1,1,1,1,1,71.52
10,9.36,1433.71,101.48,-3.18,22.99,102,1,34.45,181,-1,1,1,1,1,1,1,66.75
10,12.48,1498.1,102.2,-4.24,22.99,102,1,34.45,181,-1,1,1,1,1,1,1,62.63
10,15.6,1562.48,102.93,-5.3,22.99,102,1,34.45,181,-1,1,1,1,1,1,1,59.08
10,18.72,1626.86,103.65,-6.36,22.99,102,1,34.45,181,-1,1,1,1,1,1,1,56.03
10,21.84,1691.24,104.38,-7.42,22.99,102,1,34.45,181,-1,1,1,1,1,1,1,53.45
10,24.96,1755.62,105.11,-8.47,22.99,102,1,34.45,181,-1,1,1,1,1,1,1,51.28
10,28.08,1820,105.84,-9.53,22.99,102,1,34.45,181,-1,1,1,1,1,1,1,49.52
10,31.2,1884.38,106.56,-10.59,22.99,102,1,34.45,181,-1,1,1,1,1,1,1,48.13
20,3.28,886.24,100.06,-1.12,22.99,102,1,34.45,181,-1,1,1,1,1,1,1,73.35
20,6.56,932.09,100.87,-2.23,22.99,102,1,34.45,181,-1,1,1,1,1,1,1,67.82
20,9.84,977.94,101.59,-3.35,22.99,102,1,34.45,181,-1,1,1,1,1,1,1,63.12
20,13.12,1023.78,102.35,-4.46,22.99,102,1,34.45,181,-1,1,1,1,1,1,1,59.1
20,16.4,1069.63,103.11,-5.57,22.99,102,1,34.45,181,-1,1,1,1,1,1,1,55.65
20,19.68,1115.48,103.88,-6.68,22.99,102,1,34.45,181,-1,1,1,1,1,1,1,52.74
20,22.96,1161.33,104.64,-7.8,22.99,102,1,34.45,181,-1,1,1,1,1,1,1,50.27
20,26.24,1207.18,105.4,-8.91,22.99,102,1,34.45,181,-1,1,1,1,1,1,1,48.26
20,29.52,1253.03,106.17,-10.02,22.99,102,1,34.45,181,-1,1,1,1,1,1,1,46.65
20,32.8,1298.88,106.93,-11.13,22.99,102,1,34.45,181,-1,1,1,1,1,1,1,45.43
30,3.36,670.93,100.08,-1.15,22.99,102,1,34.45,181,-1,1,1,1,1,1,1,69.94
30,6.72,706.44,100.82,-2.29,22.99,102,1,34.45,181,-1,1,1,1,1,1,1,64.56
30,10.08,741.95,101.64,-3.43,22.99,102,1,34.45,181,-1,1,1,1,1,1,1,60
30,13.44,777.46,102.43,-4.57,22.99,102,1,34.45,181,-1,1,1,1,1,1,1,56.11
30,16.8,812.98,103.21,-5.71,22.99,102,1,34.45,181,-1,1,1,1,1,1,1,52.8
30,20.16,848.49,103.99,-6.85,22.99,102,1,34.45,181,-1,1,1,1,1,1,1,50
30,23.52,884,104.77,-7.99,22.99,102,1,34.45,181,-1,1,1,1,1,1,1,47.67
30,26.88,919.51,105.55,-9.13,22.99,102,1,34.45,181,-1,1,1,1,1,1,1,45.77
30,30.24,955.02,106.33,-10.26,22.99,102,1,34.45,181,-1,1,1,1,1,1,1,44.28
30,33.6,990.54,107.12,-11.4,22.99,102,1,34.45,181,-1,1,1,1,1,1,1,43.17
40,3.44,540.05,100.1,-1.17,22.99,102,1,34.45,181,-1,1,1,1,1,1,1,66.68
40,6.88,569.28,100.9,-2.34,22.99,102,1,34.45,181,-1,1,1,1,1,1,1,61.45
40,10.32,598.51,101.7,-3.51,22.99,102,1,34.45,181,-1,1,1,1,1,1,1,57.04
40,13.76,627.74,102.5,-4.68,22.99,102,1,34.45,181,-1,1,1,1,1,1,1,53.28
40,17.2,656.97,103.3,-5.84,22.99,102,1,34.45,181,-1,1,1,1,1,1,1,50.1
40,20.64,686.2,104.1,-7.01,22.99,102,1,34.45,181,-1,1,1,1,1,1,1,47.42
40,24.08,715.42,104.9,-8.18,22.99,102,1,34.45,181,-1,1,1,1,1,1,1,45.21
40,27.52,744.65,105.7,-9.34,22.99,102,1,34.45,181,-1,1,1,1,1,1,1,43.42
40,30.96,773.88,106.5,-10.51,22.99,102,1,34.45,181,-1,1,1,1,1,1,1,42.04
40,34.4,803.11,107.3,-11.68,22.99,102,1,34.45,181,-1,1,1,1,1,1,1,41.07
50,3.52,452.09,100.12,-1.2,22.99,102,1,34.45,181,-1,1,1,1,1,1,1,63.57
50,7.04,477.09,100.94,-2.4,22.99,102,1,34.45,181,-1,1,1,1,1,1,1,58.49
50,10.56,502.1,101.76,-3.59,22.99,102,1,34.45,181,-1,1,1,1,1,1,1,54.22
50,14.08,527.1,102.58,-4.78,22.99,102,1,34.45,181,-1,1,1,1,1,1,1,50.6
50,17.6,552.11,103.39,-5.98,22.99,102,1,34.45,181,-1,1,1,1,1,1,1,47.54
50,21.12,577.11,104.21,-7.17,22.99,102,1,34.45,181,-1,1,1,1,1,1,1,44.98
50,24.64,602.12,105.03,-8.37,22.99,102,1,34.45,181,-1,1,1,1,1,1,1,42.88
50,28.16,627.13,105.85,-9.56,22.99,102,1,34.45,181,-1,1,1,1,1,1,1,41.21
50,31.68,652.13,106.67,-10.75,22.99,102,1,34.45,181,-1,1,1,1,1,1,1,39.93
50,35.2,677.14,107.49,-11.95,22.99,102,1,34.45,181,-1,1,1,1,1,1,1,39.03
50,3.65,389.21,100.15,-1.25,22.99,102,1,34.45,181,-1,1,1,1,1,1,1,60.54
60,7.3,411.48,101,-2.48,22.99,102,1,34.45,181,-1,1,1,1,1,1,1,55.55
60,10.95,433.76,101.85,-3.72,22.99,102,1,34.45,181,-1,1,1,1,1,1,1,51.39
60,14.6,456.04,102.7,-4.96,22.99,102,1,34.45,181,-1,1,1,1,1,1,1,47.87
60,18.25,478.31,103.55,-6.2,22.99,102,1,34.45,181,-1,1,1,1,1,1,1,44.93
60,21.9,500.59,104.39,-7.44,22.99,102,1,34.45,181,-1,1,1,1,1,1,1,42.49
60,25.55,522.87,105.24,-8.67,22.99,102,1,34.45,181,-1,1,1,1,1,1,1,40.52
60,29.2,545.15,106.08,-9.91,22.99,102,1,34.45,181,-1,1,1,1,1,1,1,38.97
60,32.85,567.42,106.94,-11.15,22.99,102,1,34.45,181,-1,1,1,1,1,1,1,37.83
60,36.5,589.7,107.79,-12.39,22.99,102,1,34.45,181,-1,1,1,1,1,1,1,37.06
70,3.7,341.42,100.16,-1.26,22.99,102,1,34.45,181,-1,1,1,1,1,1,1,57.16
70,7.4,361.22,101,-2.52,22.99,102,1,34.45,181,-1,1,1,1,1,1,1,52.95
70,11.1,381.01,101.88,-3.77,22.99,102,1,34.45,181,-1,1,1,1,1,1,1,48.94
70,14.8,400.81,102.74,-5.03,22.99,102,1,34.45,181,-1,1,1,1,1,1,1,45.57
70,18.5,420.6,103.6,-6.28,22.99,102,1,34.45,181,-1,1,1,1,1,1,1,42.75
70,22.2,440.4,104.46,-7.54,22.99,102,1,34.45,181,-1,1,1,1,1,1,1,40.42
70,25.9,460.19,105.32,-8.79,22.99,102,1,34.45,181,-1,1,1,1,1,1,1,38.55
70,29.6,479.98,106.19,-10.05,22.99,102,1,34.45,181,-1,1,1,1,1,1,1,37.09
70,33.3,499.78,107.05,-11.3,22.99,102,1,34.45,181,-1,1,1,1,1,1,1,36.03
70,37,519.57,107.91,-12.56,22.99,102,1,34.45,181,-1,1,1,1,1,1,1,35.33
80,3.75,304.14,100.16,-1.28,22.99,102,1,34.45,181,-1,1,1,1,1,1,1,55.1
80,7.5,322,101.04,-2.55,22.99,102,1,34.45,181,-1,1,1,1,1,1,1,50.48
80,11.25,339.86,101.92,-3.82,22.99,102,1,34.45,181,-1,1,1,1,1,1,1,46.61
80,15,357.71,102.79,-5.1,22.99,102,1,34.45,181,-1,1,1,1,1,1,1,43.37
80,18.75,375.57,103.66,-6.37,22.99,102,1,34.45,181,-1,1,1,1,1,1,1,40.67
80,22.5,393.43,104.53,-7.64,22.99,102,1,34.45,181,-1,1,1,1,1,1,1,38.46
80,26.25,411.29,105.41,-8.91,22.99,102,1,34.45,181,-1,1,1,1,1,1,1,36.68
80,30,429.14,106.28,-10.18,22.99,102,1,34.45,181,-1,1,1,1,1,1,1,35.14
80,33.75,447,107.15,-11.46,22.99,102,1,34.45,181,-1,1,1,1,1,1,1,34.32
80,37.5,464.86,108.02,-12.73,22.99,102,1,34.45,181,-1,1,1,1,1,1,1,33.69
90,3.8,274.24,100.18,-1.3,22.99,102,1,34.45,181,-1,1,1,1,1,1,1,52.59
90,7.6,290.55,101.07,-2.59,22.99,102,1,34.45,181,-1,1,1,1,1,1,1,48.11
90,11.4,306.85,101.95,-3.87,22.99,102,1,34.45,181,-1,1,1,1,1,1,1,44.4
90,15.2,323.16,102.84,-5.16,22.99,102,1,34.45,181,-1,1,1,1,1,1,1,41.29
90,19,339.46,103.72,-6.45,22.99,102,1,34.45,181,-1,1,1,1,1,1,1,38.7
90,22.8,355.76,104.6,-7.74,22.99,102,1,34.45,181,-1,1,1,1,1,1,1,36.59
90,26.6,372.07,105.49,-9.03,22.99,102,1,34.45,181,-1,1,1,1,1,1,1,34.9
90,30.4,388.37,106.37,-10.32,22.99,102,1,34.45,181,-1,1,1,1,1,1,1,33.61
90,34.2,404.67,107.26,-11.61,22.99,102,1,34.45,181,-1,1,1,1,1,1,1,32.69
90,38,420.98,108.14,-12.9,22.99,102,1,34.45,181,-1,1,1,1,1,1,1,32.13
