Temperature,Concentration,Viscosity,Boiling Point,Freezing Point,Molecular mass + (u),Ionic radius + (pm),Charge number +,Molecular mass - (u),Ionic radius - (pm),Charge number -,Shielding Effect+,RAC+,Molecular Polarization+,Shielding Effect-,RAC-,Molecular Polarization-,Category,Duration,Cumulative_Hazard,Dielectric
0,9.5,1114.19,100.29,-1.13,107.87,115,1,14.01,180,-1,2,2,3,2,2,2,2,1,2.681212938,80.03
0,19,832.36,100.57,-1.84,107.87,115,1,14.01,180,-1,2,2,3,2,2,2,2,2,2.667382517,73.32
0,28.5,649.21,100.86,-2.53,107.87,115,1,14.01,180,-1,2,2,3,2,2,2,2,3,2.655075951,67.32
0,38,523.99,101.14,-3.21,107.87,115,1,14.01,180,-1,2,2,3,2,2,2,2,4,2.644007839,61.9
0,47.5,434.75,101.43,-3.89,107.87,115,1,14.01,180,-1,2,2,3,2,2,2,2,5,2.633980425,56.97
0,57,368.96,101.71,-4.57,107.87,115,1,14.01,180,-1,2,2,3,2,2,2,2,6,2.624881046,52.48
0,66.5,319.04,102,-5.24,107.87,115,1,14.01,180,-1,2,2,3,2,2,2,2,7,2.616639831,48.4
0,76,280.24,102.28,-5.92,107.87,115,1,14.01,180,-1,2,2,3,2,2,2,2,8,2.609168445,44.69
0,85.5,249.45,102.57,-6.6,107.87,115,1,14.01,180,-1,2,2,3,2,2,2,2,9,2.602440375,41.34
0,95,224.57,102.85,-7.27,107.87,115,1,14.01,180,-1,2,2,3,2,2,2,2,10,2.596369931,38.31
10,15.2,929.96,100.46,-1.56,107.87,115,1,14.01,180,-1,2,2,3,2,2,2,2,11,2.665738351,72.52
10,30.4,620.42,100.91,-2.67,107.87,115,1,14.01,180,-1,2,2,3,2,2,2,2,12,2.646739935,63.24
10,45.6,450.42,101.37,-3.75,107.87,115,1,14.01,180,-1,2,2,3,2,2,2,2,13,2.630653171,55.33
10,60.8,347.4,101.82,-4.84,107.87,115,1,14.01,180,-1,2,2,3,2,2,2,2,14,2.61690202,48.53
10,76,280.24,102.28,-5.92,107.87,115,1,14.01,180,-1,2,2,3,2,2,2,2,15,2.605169676,42.7
10,91.2,233.92,102.74,-7,107.87,115,1,14.01,180,-1,2,2,3,2,2,2,2,16,2.595189545,37.72
10,106.4,200.52,103.19,-8.08,107.87,115,1,14.01,180,-1,2,2,3,2,2,2,2,17,2.586802292,33.52
10,121.6,175.56,103.65,-9.16,107.87,115,1,14.01,180,-1,2,2,3,2,2,2,2,18,2.579873392,30.04
10,136.8,156.35,104.1,-10.24,107.87,115,1,14.01,180,-1,2,2,3,2,2,2,2,19,2.574331732,27.25
10,152,141.21,104.56,-11.32,107.87,115,1,14.01,180,-1,2,2,3,2,2,2,2,20,2.570029783,25.08
20,21,787.37,100.63,-1.99,107.87,115,1,14.01,180,-1,2,2,3,2,2,2,2,21,2.6518038,65.72
20,42,482.9,101.26,-3.53,107.87,115,1,14.01,180,-1,2,2,3,2,2,2,2,22,2.629051908,54.54
20,63,335.29,101.89,-5,107.87,115,1,14.01,180,-1,2,2,3,2,2,2,2,23,2.610817964,45.51
20,84,253.87,102.52,-6.49,107.87,115,1,14.01,180,-1,2,2,3,2,2,2,2,24,2.596129809,38.19
20,105,203.19,103.15,-7.98,107.87,115,1,14.01,180,-1,2,2,3,2,2,2,2,25,2.584490593,32.36
20,126,169.5,103.78,-9.48,107.87,115,1,14.01,180,-1,2,2,3,2,2,2,2,26,2.575542332,27.86
20,147,145.82,104.41,-10.97,107.87,115,1,14.01,180,-1,2,2,3,2,2,2,2,27,2.56903957,24.58
20,168,128.44,105.04,-12.46,107.87,115,1,14.01,180,-1,2,2,3,2,2,2,2,28,2.564746465,22.41
20,189,115.24,105.67,-13.95,107.87,115,1,14.01,180,-1,2,2,3,2,2,2,2,29,2.562553227,21.3
20,210,104.92,106.3,-15.44,107.87,115,1,14.01,180,-1,2,2,3,2,2,2,2,30,2.562296484,21.17
30,26.5,681.96,100.8,-2.39,107.87,115,1,14.01,180,-1,2,2,3,2,2,2,2,31,2.639630144,59.75
30,53,394.27,101.59,-4.28,107.87,115,1,14.01,180,-1,2,2,3,2,2,2,2,32,2.614543271,47.36
30,79.5,268.09,102.39,-6.17,107.87,115,1,14.01,180,-1,2,2,3,2,2,2,2,33,2.595469588,37.86
30,106,201.27,103.18,-8.05,107.87,115,1,14.01,180,-1,2,2,3,2,2,2,2,34,2.581146278,30.68
30,132.5,161.31,103.98,-9.94,107.87,115,1,14.01,180,-1,2,2,3,2,2,2,2,35,2.570921301,25.53
30,159,135.28,104.77,-11.82,107.87,115,1,14.01,180,-1,2,2,3,2,2,2,2,36,2.564272093,22.17
30,185.5,117.21,105.57,-13.7,107.87,115,1,14.01,180,-1,2,2,3,2,2,2,2,37,2.560894727,20.46
30,212,104.06,106.36,-15.58,107.87,115,1,14.01,180,-1,2,2,3,2,2,2,2,38,2.560500004,20.26
30,238.5,94.12,107.16,-17.47,107.87,115,1,14.01,180,-1,2,2,3,2,2,2,2,39,2.562928513,21.49
30,265,86.38,107.95,-19.35,107.87,115,1,14.01,180,-1,2,2,3,2,2,2,2,40,2.568010154,24.06
40,32,597.78,100.96,-2.78,107.87,115,1,14.01,180,-1,2,2,3,2,2,2,2,41,2.6286872,54.36
40,64,330.94,101.92,-5.07,107.87,115,1,14.01,180,-1,2,2,3,2,2,2,2,42,2.602119469,41.18
40,96,222.23,102.88,-7.34,107.87,115,1,14.01,180,-1,2,2,3,2,2,2,2,43,2.583096602,31.66
40,128,166.88,103.84,-9.62,107.87,115,1,14.01,180,-1,2,2,3,2,2,2,2,44,2.5700694,25.1
40,160,134.48,104.8,-11.89,107.87,115,1,14.01,180,-1,2,2,3,2,2,2,2,45,2.562138502,21.09
40,192,113.61,105.76,-14.16,107.87,115,1,14.01,180,-1,2,2,3,2,2,2,2,46,2.558744224,19.37
40,224,99.23,106.72,-16.44,107.87,115,1,14.01,180,-1,2,2,3,2,2,2,2,47,2.559454282,19.73
40,256,88.81,107.68,-18.71,107.87,115,1,14.01,180,-1,2,2,3,2,2,2,2,48,2.563955893,22.01
40,288,80.95,108.64,-20.98,107.87,115,1,14.01,180,-1,2,2,3,2,2,2,2,49,2.572051001,26.1
40,320,74.84,109.6,-23.25,107.87,115,1,14.01,180,-1,2,2,3,2,2,2,2,50,2.583534633,31.88
50,39,513.17,101.17,-3.28,107.87,115,1,14.01,180,-1,2,2,3,2,2,2,2,51,2.617486996,48.82
50,78,273.17,102.34,-6.06,107.87,115,1,14.01,180,-1,2,2,3,2,2,2,2,52,2.589714783,34.98
50,117,182.41,103.51,-8.84,107.87,115,1,14.01,180,-1,2,2,3,2,2,2,2,53,2.571535638,25.84
50,156,137.75,104.68,-11.61,107.87,115,1,14.01,180,-1,2,2,3,2,2,2,2,54,2.560973678,20.5
50,195,112.04,105.85,-14.38,107.87,115,1,14.01,180,-1,2,2,3,2,2,2,2,55,2.556930527,18.45
50,234,95.63,107.02,-17.15,107.87,115,1,14.01,180,-1,2,2,3,2,2,2,2,56,2.558685062,19.34
50,273,84.38,108.19,-19.92,107.87,115,1,14.01,180,-1,2,2,3,2,2,2,2,57,2.565695474,22.89
50,312,76.23,109.36,-22.69,107.87,115,1,14.01,180,-1,2,2,3,2,2,2,2,58,2.577667218,28.93
50,351,70.09,110.53,-25.46,107.87,115,1,14.01,180,-1,2,2,3,2,2,2,2,59,2.594289611,37.27
50,390,65.32,111.7,-28.22,107.87,115,1,14.01,180,-1,2,2,3,2,2,2,2,60,2.61545023,47.81
60,46,447.04,101.38,-3.78,107.87,115,1,14.01,180,-1,2,2,3,2,2,2,2,61,2.607519968,43.87
60,92,231.89,102.76,-7.06,107.87,115,1,14.01,180,-1,2,2,3,2,2,2,2,62,2.579435982,29.82
60,138,152.5,104.15,-10.33,107.87,115,1,14.01,180,-1,2,2,3,2,2,2,2,63,2.563007528,21.53
60,184,118.08,105.52,-13.6,107.87,115,1,14.01,180,-1,2,2,3,2,2,2,2,64,2.555827166,17.89
60,230,97.03,106.9,-16.86,107.87,115,1,14.01,180,-1,2,2,3,2,2,2,2,65,2.556556119,18.26
60,276,83.66,108.28,-20.13,107.87,115,1,14.01,180,-1,2,2,3,2,2,2,2,66,2.564390678,22.23
60,322,74.5,109.66,-23.4,107.87,115,1,14.01,180,-1,2,2,3,2,2,2,2,67,2.578740256,29.47
60,368,67.87,111.04,-26.66,107.87,115,1,14.01,180,-1,2,2,3,2,2,2,2,68,2.599253127,39.75
60,414,62.87,112.42,-29.93,107.87,115,1,14.01,180,-1,2,2,3,2,2,2,2,69,2.625629694,52.85
60,460,58.98,113.8,-33.19,107.87,115,1,14.01,180,-1,2,2,3,2,2,2,2,70,2.65775803,68.63
70,55,381.29,101.65,-4.43,107.87,115,1,14.01,180,-1,2,2,3,2,2,2,2,71,2.597290604,38.77
70,110,193.97,103.3,-8.34,107.87,115,1,14.01,180,-1,2,2,3,2,2,2,2,72,2.569495021,24.81
70,165,130.63,104.95,-12.25,107.87,115,1,14.01,180,-1,2,2,3,2,2,2,2,73,2.556102962,18.03
70,220,100.78,106.6,-16.15,107.87,115,1,14.01,180,-1,2,2,3,2,2,2,2,74,2.554212391,17.07
70,275,83.9,108.25,-20.06,107.87,115,1,14.01,180,-1,2,2,3,2,2,2,2,75,2.562197744,21.12
70,330,73.2,109.9,-23.96,107.87,115,1,14.01,180,-1,2,2,3,2,2,2,2,76,2.579117912,29.66
70,385,65.87,111.55,-27.87,107.87,115,1,14.01,180,-1,2,2,3,2,2,2,2,77,2.604346571,42.29
70,440,60.56,113.2,-31.77,107.87,115,1,14.01,180,-1,2,2,3,2,2,2,2,78,2.637494834,58.7
70,495,56.55,114.85,-35.68,107.87,115,1,14.01,180,-1,2,2,3,2,2,2,2,79,2.678362684,78.65
70,550,53.43,116.5,-39.59,107.87,115,1,14.01,180,-1,2,2,3,2,2,2,2,80,2.726874406,101.94
80,64,330.94,101.92,-5.07,107.87,115,1,14.01,180,-1,2,2,3,2,2,2,2,81,2.588357872,34.3
80,128,166.88,103.84,-9.62,107.87,115,1,14.01,180,-1,2,2,3,2,2,2,2,82,2.561783076,20.91
80,192,113.61,105.76,-14.16,107.87,115,1,14.01,180,-1,2,2,3,2,2,2,2,83,2.552362561,16.13
80,256,88.81,107.68,-18.71,107.87,115,1,14.01,180,-1,2,2,3,2,2,2,2,84,2.556694052,18.33
80,320,74.84,109.6,-23.25,107.87,115,1,14.01,180,-1,2,2,3,2,2,2,2,85,2.57294322,26.55
80,384,65.98,111.52,-27.8,107.87,115,1,14.01,180,-1,2,2,3,2,2,2,2,86,2.600054583,40.15
80,448,59.91,113.44,-32.34,107.87,115,1,14.01,180,-1,2,2,3,2,2,2,2,87,2.637393196,58.65
80,512,55.51,115.36,-36.89,107.87,115,1,14.01,180,-1,2,2,3,2,2,2,2,88,2.684624832,81.68
80,576,52.18,117.28,-41.43,107.87,115,1,14.01,180,-1,2,2,3,2,2,2,2,89,2.741689406,108.97
80,640,49.57,119.2,-45.98,107.87,115,1,14.01,180,-1,2,2,3,2,2,2,2,90,2.808590732,140.25
90,90,237.03,102.7,-6.92,107.87,115,1,14.01,180,-1,2,2,3,2,2,2,2,91,2.572685437,26.42
90,180,120.48,105.4,-13.31,107.87,115,1,14.01,180,-1,2,2,3,2,2,2,2,92,2.551575806,15.73
90,270,85.11,108.1,-19.7,107.87,115,1,14.01,180,-1,2,2,3,2,2,2,2,93,2.557561232,18.77
90,360,68.89,110.8,-26.09,107.87,115,1,14.01,180,-1,2,2,3,2,2,2,2,94,2.585586399,32.91
90,450,59.75,113.5,-32.48,107.87,115,1,14.01,180,-1,2,2,3,2,2,2,2,95,2.633330875,56.65
90,540,53.94,116.2,-38.88,107.87,115,1,14.01,180,-1,2,2,3,2,2,2,2,96,2.699709627,88.95
90,630,49.94,118.9,-45.27,107.87,115,1,14.01,180,-1,2,2,3,2,2,2,2,97,2.784493642,129.07
90,720,47.03,121.6,-51.66,107.87,115,1,14.01,180,-1,2,2,3,2,2,2,2,98,2.887966305,176.41
90,810,44.81,124.3,-58.05,107.87,115,1,14.01,180,-1,2,2,3,2,2,2,2,99,3.010953876,230.52
90,900,43.07,127,-64.44,107.87,115,1,14.01,180,-1,2,2,3,2,2,2,2,100,3.154604627,290.99
0,5,983.27,100.41,-3.17,40.08,100,2,35.45,181,-1,3,3,3,1,1,1,1,101,2.685059385,81.89
0,10,1184.21,102.11,-6.34,40.08,100,2,35.45,181,-1,3,3,3,1,1,1,1,102,2.674773204,76.91
0,15,1426.22,103.8,-9.51,40.08,100,2,35.45,181,-1,3,3,3,1,1,1,1,103,2.665779443,72.54
0,20,1717.68,105.47,-12.68,40.08,100,2,35.45,181,-1,3,3,3,1,1,1,1,104,2.657860453,68.68
0,25,2068.71,107.13,-15.85,40.08,100,2,35.45,181,-1,3,3,3,1,1,1,1,105,2.650863804,65.26
0,30,2491.47,108.77,-19.02,40.08,100,2,35.45,181,-1,3,3,3,1,1,1,1,106,2.644660023,62.22
0,35,3000.64,110.39,-22.19,40.08,100,2,35.45,181,-1,3,3,3,1,1,1,1,107,2.639202944,59.54
0,40,3613.85,112,-25.36,40.08,100,2,35.45,181,-1,3,3,3,1,1,1,1,108,2.63440678,57.18
0,45,4352.39,113.59,-28.53,40.08,100,2,35.45,181,-1,3,3,3,1,1,1,1,109,2.630247695,55.13
0,50,5241.85,115.17,-31.7,40.08,100,2,35.45,181,-1,3,3,3,1,1,1,1,110,2.626682208,53.37
10,6,814.82,100.75,-3.8,40.08,100,2,35.45,181,-1,3,3,3,1,1,1,1,111,2.675432977,77.23
10,12,1018.53,102.79,-7.61,40.08,100,2,35.45,181,-1,3,3,3,1,1,1,1,112,2.664136266,71.74
10,18,1273.15,104.81,-11.41,40.08,100,2,35.45,181,-1,3,3,3,1,1,1,1,113,2.654503033,67.04
10,24,1591.44,106.8,-15.22,40.08,100,2,35.45,181,-1,3,3,3,1,1,1,1,114,2.646189211,62.97
10,30,1989.29,108.77,-19.02,40.08,100,2,35.45,181,-1,3,3,3,1,1,1,1,115,2.638999539,59.44
10,36,2486.6,110.71,-22.82,40.08,100,2,35.45,181,-1,3,3,3,1,1,1,1,116,2.632823524,56.4
10,42,3108.24,112.64,-26.63,40.08,100,2,35.45,181,-1,3,3,3,1,1,1,1,117,2.627573127,53.81
10,48,3885.29,114.54,-30.43,40.08,100,2,35.45,181,-1,3,3,3,1,1,1,1,118,2.623161989,51.63
10,54,4856.6,116.42,-34.24,40.08,100,2,35.45,181,-1,3,3,3,1,1,1,1,119,2.619525347,49.83
10,60,6070.72,118.28,-38.04,40.08,100,2,35.45,181,-1,3,3,3,1,1,1,1,120,2.616639831,48.4
20,7,684.86,101.09,-4.44,40.08,100,2,35.45,181,-1,3,3,3,1,1,1,1,121,2.666395896,72.84
20,14,888.51,103.47,-8.88,40.08,100,2,35.45,181,-1,3,3,3,1,1,1,1,122,2.654339365,66.96
20,21,1152.72,105.81,-13.31,40.08,100,2,35.45,181,-1,3,3,3,1,1,1,1,123,2.644272769,62.03
20,28,1495.49,108.11,-17.75,40.08,100,2,35.45,181,-1,3,3,3,1,1,1,1,124,2.635787831,57.86
20,35,1940.18,110.39,-22.19,40.08,100,2,35.45,181,-1,3,3,3,1,1,1,1,125,2.62864668,54.34
20,42,2517.11,112.64,-26.63,40.08,100,2,35.45,181,-1,3,3,3,1,1,1,1,126,2.62271724,51.41
20,49,3265.59,114.85,-31.07,40.08,100,2,35.45,181,-1,3,3,3,1,1,1,1,127,2.617870327,49.01
20,56,4236.64,117.04,-35.5,40.08,100,2,35.45,181,-1,3,3,3,1,1,1,1,128,2.614039541,47.11
20,63,5496.44,119.2,-39.94,40.08,100,2,35.45,181,-1,3,3,3,1,1,1,1,129,2.611139943,45.67
20,70,7130.86,121.33,-44.38,40.08,100,2,35.45,181,-1,3,3,3,1,1,1,1,130,2.609128226,44.67
30,8,583.08,101.43,-5.07,40.08,100,2,35.45,181,-1,3,3,3,1,1,1,1,131,2.657942395,68.72
30,16,785.12,104.14,-10.14,40.08,100,2,35.45,181,-1,3,3,3,1,1,1,1,132,2.645312368,62.54
30,24,1057.18,106.8,-15.22,40.08,100,2,35.45,181,-1,3,3,3,1,1,1,1,133,2.634995669,57.47
30,32,1423.5,109.42,-20.29,40.08,100,2,35.45,181,-1,3,3,3,1,1,1,1,134,2.626500012,53.28
30,40,1916.77,112,-25.36,40.08,100,2,35.45,181,-1,3,3,3,1,1,1,1,135,2.619585917,49.86
30,48,2580.96,114.54,-30.43,40.08,100,2,35.45,181,-1,3,3,3,1,1,1,1,136,2.614059688,47.12
30,56,3475.3,117.04,-35.5,40.08,100,2,35.45,181,-1,3,3,3,1,1,1,1,137,2.609812036,45.01
30,64,4679.55,119.51,-40.58,40.08,100,2,35.45,181,-1,3,3,3,1,1,1,1,138,2.606716211,43.47
30,72,6301.08,121.93,-45.65,40.08,100,2,35.45,181,-1,3,3,3,1,1,1,1,139,2.604727978,42.48
30,80,8484.5,124.33,-50.72,40.08,100,2,35.45,181,-1,3,3,3,1,1,1,1,140,2.603744464,41.99
40,9,502.27,101.77,-5.71,40.08,100,2,35.45,181,-1,3,3,3,1,1,1,1,141,2.650005837,64.84
40,18,701.94,104.81,-11.41,40.08,100,2,35.45,181,-1,3,3,3,1,1,1,1,142,2.636986682,58.45
40,27,980.98,107.79,-17.12,40.08,100,2,35.45,181,-1,3,3,3,1,1,1,1,143,2.626560743,53.31
40,36,1370.96,110.71,-22.82,40.08,100,2,35.45,181,-1,3,3,3,1,1,1,1,144,2.618213355,49.18
40,45,1915.96,113.59,-28.53,40.08,100,2,35.45,181,-1,3,3,3,1,1,1,1,145,2.611643115,45.92
40,54,2677.62,116.42,-34.24,40.08,100,2,35.45,181,-1,3,3,3,1,1,1,1,146,2.60667603,43.45
40,63,3742.07,119.2,-39.94,40.08,100,2,35.45,181,-1,3,3,3,1,1,1,1,147,2.603142496,41.69
40,72,5229.67,121.93,-45.65,40.08,100,2,35.45,181,-1,3,3,3,1,1,1,1,148,2.600916423,40.58
40,81,7308.65,124.62,-51.35,40.08,100,2,35.45,181,-1,3,3,3,1,1,1,1,149,2.600134742,40.19
40,90,10214.09,127.27,-57.06,40.08,100,2,35.45,181,-1,3,3,3,1,1,1,1,150,2.600134742,40.19
50,9.5,429.26,101.94,-6.02,40.08,100,2,35.45,181,-1,3,3,3,1,1,1,1,151,2.643335442,61.57
50,19,611.16,105.14,-12.05,40.08,100,2,35.45,181,-1,3,3,3,1,1,1,1,152,2.630470699,55.24
50,28.5,870.15,108.28,-18.07,40.08,100,2,35.45,181,-1,3,3,3,1,1,1,1,153,2.620292663,50.21
50,38,1238.9,111.36,-24.09,40.08,100,2,35.45,181,-1,3,3,3,1,1,1,1,154,2.612247049,46.22
50,47.5,1763.9,114.38,-30.12,40.08,100,2,35.45,181,-1,3,3,3,1,1,1,1,155,2.606053298,43.14
50,57,2511.38,117.35,-36.14,40.08,100,2,35.45,181,-1,3,3,3,1,1,1,1,156,2.601497826,40.87
50,66.5,3575.61,120.27,-42.16,40.08,100,2,35.45,181,-1,3,3,3,1,1,1,1,157,2.598431891,39.34
50,76,5090.83,123.13,-48.18,40.08,100,2,35.45,181,-1,3,3,3,1,1,1,1,158,2.596730155,38.49
50,85.5,7248.15,125.95,-54.21,40.08,100,2,35.45,181,-1,3,3,3,1,1,1,1,159,2.596309898,38.28
50,95,10319.66,128.72,-60.23,40.08,100,2,35.45,181,-1,3,3,3,1,1,1,1,160,2.59709043,38.67
60,10,370.48,102.11,-6.34,40.08,100,2,35.45,181,-1,3,3,3,1,1,1,1,161,2.637007006,58.46
60,20,537.38,105.47,-12.68,40.08,100,2,35.45,181,-1,3,3,3,1,1,1,1,162,2.624334871,52.21
60,30,779.46,108.77,-19.02,40.08,100,2,35.45,181,-1,3,3,3,1,1,1,1,163,2.614422367,47.3
60,40,1130.59,112,-25.36,40.08,100,2,35.45,181,-1,3,3,3,1,1,1,1,164,2.606716211,43.47
60,50,1639.91,115.17,-31.7,40.08,100,2,35.45,181,-1,3,3,3,1,1,1,1,165,2.600896377,40.57
60,60,2378.67,118.28,-38.04,40.08,100,2,35.45,181,-1,3,3,3,1,1,1,1,166,2.596770183,38.51
60,70,3450.24,121.33,-44.38,40.08,100,2,35.45,181,-1,3,3,3,1,1,1,1,167,2.594169644,37.21
60,80,5004.53,124.33,-50.72,40.08,100,2,35.45,181,-1,3,3,3,1,1,1,1,168,2.592970273,36.61
60,90,7259.01,127.27,-57.06,40.08,100,2,35.45,181,-1,3,3,3,1,1,1,1,169,2.593110171,36.68
60,100,10529.11,130.15,-63.4,40.08,100,2,35.45,181,-1,3,3,3,1,1,1,1,170,2.594469573,37.36
70,10.5,322.64,102.28,-6.66,40.08,100,2,35.45,181,-1,3,3,3,1,1,1,1,171,2.63103843,55.52
70,21,476.77,105.81,-13.31,40.08,100,2,35.45,181,-1,3,3,3,1,1,1,1,172,2.61857661,49.36
70,31.5,704.53,109.26,-19.97,40.08,100,2,35.45,181,-1,3,3,3,1,1,1,1,173,2.608947247,44.58
70,42,1041.1,112.64,-26.63,40.08,100,2,35.45,181,-1,3,3,3,1,1,1,1,174,2.60157803,40.91
70,52.5,1538.44,115.95,-33.29,40.08,100,2,35.45,181,-1,3,3,3,1,1,1,1,175,2.596149818,38.2
70,63,2273.38,119.2,-39.94,40.08,100,2,35.45,181,-1,3,3,3,1,1,1,1,176,2.592430738,36.34
70,73.5,3359.4,122.38,-46.6,40.08,100,2,35.45,181,-1,3,3,3,1,1,1,1,177,2.590313646,35.28
70,84,4964.22,125.51,-53.26,40.08,100,2,35.45,181,-1,3,3,3,1,1,1,1,178,2.589614986,34.93
70,94.5,7335.69,128.57,-59.91,40.08,100,2,35.45,181,-1,3,3,3,1,1,1,1,179,2.590273717,35.26
70,105,10840.04,131.58,-66.57,40.08,100,2,35.45,181,-1,3,3,3,1,1,1,1,180,2.592210959,36.23
80,10.75,280.7,102.37,-6.82,40.08,100,2,35.45,181,-1,3,3,3,1,1,1,1,181,2.625690404,52.88
80,21.5,418.67,105.97,-13.63,40.08,100,2,35.45,181,-1,3,3,3,1,1,1,1,182,2.613636627,46.91
80,32.25,624.45,109.5,-20.45,40.08,100,2,35.45,181,-1,3,3,3,1,1,1,1,183,2.604366644,42.3
80,43,931.38,112.96,-27.26,40.08,100,2,35.45,181,-1,3,3,3,1,1,1,1,184,2.59733064,38.79
80,53.75,1389.17,116.34,-34.08,40.08,100,2,35.45,181,-1,3,3,3,1,1,1,1,185,2.592230938,36.24
80,64.5,2071.97,119.66,-40.89,40.08,100,2,35.45,181,-1,3,3,3,1,1,1,1,186,2.588816748,34.53
80,75.25,3090.37,122.91,-47.71,40.08,100,2,35.45,181,-1,3,3,3,1,1,1,1,187,2.586961795,33.6
80,86,4609.34,126.1,-54.52,40.08,100,2,35.45,181,-1,3,3,3,1,1,1,1,188,2.586523184,33.38
80,96.75,6874.9,129.22,-61.34,40.08,100,2,35.45,181,-1,3,3,3,1,1,1,1,189,2.587420423,33.83
80,107.5,10254.02,132.29,-68.16,40.08,100,2,35.45,181,-1,3,3,3,1,1,1,1,190,2.589595027,34.92
90,11,246.09,102.45,-6.97,40.08,100,2,35.45,181,-1,3,3,3,1,1,1,1,191,2.62061581,50.37
90,22,370.47,106.14,-13.95,40.08,100,2,35.45,181,-1,3,3,3,1,1,1,1,192,2.608947247,44.58
90,33,587.73,109.74,-20.92,40.08,100,2,35.45,181,-1,3,3,3,1,1,1,1,193,2.600054583,40.15
90,44,839.63,113.27,-27.9,40.08,100,2,35.45,181,-1,3,3,3,1,1,1,1,194,2.593350014,36.8
90,55,1264.02,116.73,-34.87,40.08,100,2,35.45,181,-1,3,3,3,1,1,1,1,195,2.588537422,34.39
90,66,1902.92,120.12,-41.84,40.08,100,2,35.45,181,-1,3,3,3,1,1,1,1,196,2.585407054,32.82
90,77,2864.74,123.43,-48.82,40.08,100,2,35.45,181,-1,3,3,3,1,1,1,1,197,2.583813418,32.02
90,88,4312.71,126.68,-55.79,40.08,100,2,35.45,181,-1,3,3,3,1,1,1,1,198,2.583614282,31.92
90,99,6492.56,129.87,-62.77,40.08,100,2,35.45,181,-1,3,3,3,1,1,1,1,199,2.58474956,32.49
90,110,9774.21,132.99,-69.74,40.08,100,2,35.45,181,-1,3,3,3,1,1,1,1,200,2.587121309,33.68
0,1.08,2432.18,100.14,-0.22,63.55,73,2,96.7,230,-2,3,3,3,3,3,3,3,201,2.695239706,86.8
0,2.16,2496,100.25,-0.42,63.55,73,2,96.7,230,-2,3,3,3,3,3,3,3,202,2.693225468,85.83
0,3.24,2559.82,100.37,-0.62,63.55,73,2,96.7,230,-2,3,3,3,3,3,3,3,203,2.691295704,84.9
0,4.32,2623.64,100.49,-0.82,63.55,73,2,96.7,230,-2,3,3,3,3,3,3,3,204,2.689408779,83.99
0,5.4,2687.45,100.61,-1.02,63.55,73,2,96.7,230,-2,3,3,3,3,3,3,3,205,2.687606033,83.12
0,6.48,2751.27,100.73,-1.21,63.55,73,2,96.7,230,-2,3,3,3,3,3,3,3,206,2.685825196,82.26
0,7.56,2815.09,100.85,-1.41,63.55,73,2,96.7,230,-2,3,3,3,3,3,3,3,207,2.6841076,81.43
0,8.64,2878.91,100.97,-1.61,63.55,73,2,96.7,230,-2,3,3,3,3,3,3,3,208,2.68243245,80.62
0,9.72,2942.73,101.09,-1.81,63.55,73,2,96.7,230,-2,3,3,3,3,3,3,3,209,2.68079967,79.83
0,10.8,3006.55,101.2,-2.01,63.55,73,2,96.7,230,-2,3,3,3,3,3,3,3,210,2.679188533,79.05
10,1.3,1280.81,100.16,-0.26,63.55,73,2,96.7,230,-2,3,3,3,3,3,3,3,211,2.686798298,82.73
10,2.6,1321.05,100.3,-0.5,63.55,73,2,96.7,230,-2,3,3,3,3,3,3,3,212,2.684521378,81.63
10,3.9,1361.29,100.45,-0.74,63.55,73,2,96.7,230,-2,3,3,3,3,3,3,3,213,2.68232908,80.57
10,5.2,1401.52,100.59,-0.98,63.55,73,2,96.7,230,-2,3,3,3,3,3,3,3,214,2.680241859,79.56
10,6.5,1441.76,100.73,-1.22,63.55,73,2,96.7,230,-2,3,3,3,3,3,3,3,215,2.678197545,78.57
10,7.8,1482,100.87,-1.46,63.55,73,2,96.7,230,-2,3,3,3,3,3,3,3,216,2.676237296,77.62
10,9.1,1522.24,101.02,-1.7,63.55,73,2,96.7,230,-2,3,3,3,3,3,3,3,217,2.674319704,76.69
10,10.4,1562.48,101.16,-1.93,63.55,73,2,96.7,230,-2,3,3,3,3,3,3,3,218,2.672465279,75.79
10,11.7,1602.71,101.3,-2.17,63.55,73,2,96.7,230,-2,3,3,3,3,3,3,3,219,2.670653307,74.91
10,13,1642.95,101.45,-2.41,63.55,73,2,96.7,230,-2,3,3,3,3,3,3,3,220,2.668904272,74.06
20,1.677,875.55,100.2,-0.33,63.55,73,2,96.7,230,-2,3,3,3,3,3,3,3,221,2.678527833,78.73
20,3.354,910.71,100.39,-0.64,63.55,73,2,96.7,230,-2,3,3,3,3,3,3,3,222,2.675762925,77.39
20,5.031,945.88,100.57,-0.95,63.55,73,2,96.7,230,-2,3,3,3,3,3,3,3,223,2.673165689,76.13
20,6.708,981.04,100.75,-1.26,63.55,73,2,96.7,230,-2,3,3,3,3,3,3,3,224,2.67067389,74.92
20,8.385,1016.2,100.94,-1.56,63.55,73,2,96.7,230,-2,3,3,3,3,3,3,3,225,2.668266675,73.75
20,10.062,1051.36,101.12,-1.87,63.55,73,2,96.7,230,-2,3,3,3,3,3,3,3,226,2.665964364,72.63
20,11.739,1086.53,101.31,-2.18,63.55,73,2,96.7,230,-2,3,3,3,3,3,3,3,227,2.66372563,71.54
20,13.416,1121.69,101.49,-2.49,63.55,73,2,96.7,230,-2,3,3,3,3,3,3,3,228,2.661570829,70.49
20,15.093,1156.85,101.68,-2.8,63.55,73,2,96.7,230,-2,3,3,3,3,3,3,3,229,2.65949976,69.48
20,16.77,1192.02,101.86,-3.1,63.55,73,2,96.7,230,-2,3,3,3,3,3,3,3,230,2.657471267,68.49
30,2.2,670.29,100.26,-0.43,63.55,73,2,96.7,230,-2,3,3,3,3,3,3,3,231,2.670426896,74.8
30,4.4,705.17,100.5,-0.83,63.55,73,2,96.7,230,-2,3,3,3,3,3,3,3,232,2.667074158,73.17
30,6.6,740.05,100.74,-1.24,63.55,73,2,96.7,230,-2,3,3,3,3,3,3,3,233,2.66393094,71.64
30,8.8,774.93,100.98,-1.64,63.55,73,2,96.7,230,-2,3,3,3,3,3,3,3,234,2.660955491,70.19
30,11,809.8,101.23,-2.04,63.55,73,2,96.7,230,-2,3,3,3,3,3,3,3,235,2.658106285,68.8
30,13.2,844.68,101.47,-2.45,63.55,73,2,96.7,230,-2,3,3,3,3,3,3,3,236,2.655382922,67.47
30,15.4,879.56,101.71,-2.85,63.55,73,2,96.7,230,-2,3,3,3,3,3,3,3,237,2.652785022,66.2
30,17.6,914.44,101.95,-3.26,63.55,73,2,96.7,230,-2,3,3,3,3,3,3,3,238,2.650291795,64.98
30,19.8,949.32,102.19,-3.66,63.55,73,2,96.7,230,-2,3,3,3,3,3,3,3,239,2.647882542,63.8
30,22,984.2,102.44,-4.06,63.55,73,2,96.7,230,-2,3,3,3,3,3,3,3,240,2.64559782,62.68
40,2.7,545.24,100.31,-0.52,63.55,73,2,96.7,230,-2,3,3,3,3,3,3,3,241,2.662822453,71.1
40,5.4,579.65,100.61,-1.02,63.55,73,2,96.7,230,-2,3,3,3,3,3,3,3,242,2.658987368,69.23
40,8.1,614.06,100.91,-1.51,63.55,73,2,96.7,230,-2,3,3,3,3,3,3,3,243,2.655423854,67.49
40,10.8,648.47,101.2,-2.01,63.55,73,2,96.7,230,-2,3,3,3,3,3,3,3,244,2.652049072,65.84
40,13.5,682.88,101.5,-2.5,63.55,73,2,96.7,230,-2,3,3,3,3,3,3,3,245,2.648882729,64.29
40,16.2,717.29,101.8,-3,63.55,73,2,96.7,230,-2,3,3,3,3,3,3,3,246,2.64586291,62.81
40,18.9,751.71,102.1,-3.49,63.55,73,2,96.7,230,-2,3,3,3,3,3,3,3,247,2.643009493,61.41
40,21.6,786.12,102.39,-3.99,63.55,73,2,96.7,230,-2,3,3,3,3,3,3,3,248,2.640281248,60.07
40,24.3,820.53,102.69,-4.49,63.55,73,2,96.7,230,-2,3,3,3,3,3,3,3,249,2.637677793,58.79
40,27,854.94,102.99,-4.98,63.55,73,2,96.7,230,-2,3,3,3,3,3,3,3,250,2.635198765,57.57
50,3.2,461.18,100.37,-0.61,63.55,73,2,96.7,230,-2,3,3,3,3,3,3,3,251,2.655608057,67.58
50,6.4,495.28,100.72,-1.2,63.55,73,2,96.7,230,-2,3,3,3,3,3,3,3,252,2.65137463,65.51
50,9.6,529.38,101.07,-1.79,63.55,73,2,96.7,230,-2,3,3,3,3,3,3,3,253,2.647454007,63.59
50,12.8,563.48,101.42,-2.37,63.55,73,2,96.7,230,-2,3,3,3,3,3,3,3,254,2.643804064,61.8
50,16,597.57,101.78,-2.96,63.55,73,2,96.7,230,-2,3,3,3,3,3,3,3,255,2.640362648,60.11
50,19.2,631.67,102.13,-3.55,63.55,73,2,96.7,230,-2,3,3,3,3,3,3,3,256,2.637128955,58.52
50,22.4,665.77,102.48,-4.14,63.55,73,2,96.7,230,-2,3,3,3,3,3,3,3,257,2.634081932,57.02
50,25.6,699.87,102.83,-4.72,63.55,73,2,96.7,230,-2,3,3,3,3,3,3,3,258,2.631200661,55.6
50,28.8,733.97,103.18,-5.31,63.55,73,2,96.7,230,-2,3,3,3,3,3,3,3,259,2.628464347,54.25
50,32,768.07,103.54,-5.9,63.55,73,2,96.7,230,-2,3,3,3,3,3,3,3,260,2.625892783,52.98
60,3.7,400.8,100.42,-0.7,63.55,73,2,96.7,230,-2,3,3,3,3,3,3,3,261,2.648780652,64.24
60,7.4,434.68,100.83,-1.38,63.55,73,2,96.7,230,-2,3,3,3,3,3,3,3,262,2.644191249,61.99
60,11.1,468.55,101.24,-2.06,63.55,73,2,96.7,230,-2,3,3,3,3,3,3,3,263,2.63999637,59.93
60,14.8,502.42,101.64,-2.74,63.55,73,2,96.7,230,-2,3,3,3,3,3,3,3,264,2.636112889,58.02
60,18.5,536.3,102.05,-3.42,63.55,73,2,96.7,230,-2,3,3,3,3,3,3,3,265,2.632478582,56.23
60,22.2,570.17,102.46,-4.1,63.55,73,2,96.7,230,-2,3,3,3,3,3,3,3,266,2.629092434,54.56
60,25.9,604.04,102.87,-4.78,63.55,73,2,96.7,230,-2,3,3,3,3,3,3,3,267,2.625913022,52.99
60,29.6,637.92,103.27,-5.46,63.55,73,2,96.7,230,-2,3,3,3,3,3,3,3,268,2.622939605,51.52
60,33.3,671.79,103.68,-6.14,63.55,73,2,96.7,230,-2,3,3,3,3,3,3,3,269,2.620151298,50.14
60,37,705.66,104.09,-6.82,63.55,73,2,96.7,230,-2,3,3,3,3,3,3,3,270,2.617527344,48.84
70,4.35,356.54,100.5,-0.82,63.55,73,2,96.7,230,-2,3,3,3,3,3,3,3,271,2.642133705,60.98
70,8.7,391.44,100.97,-1.62,63.55,73,2,96.7,230,-2,3,3,3,3,3,3,3,272,2.637128955,58.52
70,13.05,426.35,101.45,-2.42,63.55,73,2,96.7,230,-2,3,3,3,3,3,3,3,273,2.632559741,56.27
70,17.4,461.26,101.93,-3.22,63.55,73,2,96.7,230,-2,3,3,3,3,3,3,3,274,2.628383315,54.21
70,21.75,496.17,102.41,-4.02,63.55,73,2,96.7,230,-2,3,3,3,3,3,3,3,275,2.624537145,52.31
70,26.1,531.07,102.89,-4.82,63.55,73,2,96.7,230,-2,3,3,3,3,3,3,3,276,2.620959198,50.54
70,30.45,565.98,103.37,-5.61,63.55,73,2,96.7,230,-2,3,3,3,3,3,3,3,277,2.617668567,48.91
70,34.8,600.89,103.84,-6.41,63.55,73,2,96.7,230,-2,3,3,3,3,3,3,3,278,2.614603725,47.39
70,39.15,635.8,104.32,-7.21,63.55,73,2,96.7,230,-2,3,3,3,3,3,3,3,279,2.61176389,45.98
70,43.5,670.7,104.8,-8.01,63.55,73,2,96.7,230,-2,3,3,3,3,3,3,3,280,2.609128226,44.67
80,5.06,322.43,100.57,-0.95,63.55,73,2,96.7,230,-2,3,3,3,3,3,3,3,281,2.635767516,57.85
80,10.12,358.57,101.13,-1.88,63.55,73,2,96.7,230,-2,3,3,3,3,3,3,3,282,2.630349058,55.18
80,15.18,394.71,101.69,-2.81,63.55,73,2,96.7,230,-2,3,3,3,3,3,3,3,283,2.625488041,52.78
80,20.24,430.86,102.24,-3.74,63.55,73,2,96.7,230,-2,3,3,3,3,3,3,3,284,2.621060203,50.59
80,25.3,467,102.8,-4.67,63.55,73,2,96.7,230,-2,3,3,3,3,3,3,3,285,2.617023039,48.59
80,30.36,503.14,103.36,-5.6,63.55,73,2,96.7,230,-2,3,3,3,3,3,3,3,286,2.61331434,46.75
80,35.42,539.29,103.91,-6.53,63.55,73,2,96.7,230,-2,3,3,3,3,3,3,3,287,2.609932727,45.07
80,40.48,575.43,104.47,-7.45,63.55,73,2,96.7,230,-2,3,3,3,3,3,3,3,288,2.606836759,43.53
80,45.54,611.57,105.03,-8.38,63.55,73,2,96.7,230,-2,3,3,3,3,3,3,3,289,2.60400536,42.12
80,50.6,647.71,105.58,-9.31,63.55,73,2,96.7,230,-2,3,3,3,3,3,3,3,290,2.601437675,40.84
90,7.06,303.38,100.79,-1.32,63.55,73,2,96.7,230,-2,3,3,3,3,3,3,3,291,2.628423831,54.23
90,14.12,348.81,101.57,-2.62,63.55,73,2,96.7,230,-2,3,3,3,3,3,3,3,292,2.621646108,50.88
90,21.18,394.25,102.35,-3.91,63.55,73,2,96.7,230,-2,3,3,3,3,3,3,3,293,2.61575262,47.96
90,28.24,439.68,103.12,-5.21,63.55,73,2,96.7,230,-2,3,3,3,3,3,3,3,294,2.610556385,45.38
90,35.3,485.12,103.9,-6.5,63.55,73,2,96.7,230,-2,3,3,3,3,3,3,3,295,2.605952871,43.09
90,42.36,530.55,104.68,-7.8,63.55,73,2,96.7,230,-2,3,3,3,3,3,3,3,296,2.601898869,41.07
90,49.42,575.99,105.45,-9.09,63.55,73,2,96.7,230,-2,3,3,3,3,3,3,3,297,2.598331758,39.29
90,56.48,621.43,106.23,-10.39,63.55,73,2,96.7,230,-2,3,3,3,3,3,3,3,298,2.595209547,37.73
90,63.54,666.86,107.01,-11.69,63.55,73,2,96.7,230,-2,3,3,3,3,3,3,3,299,2.592510662,36.38
90,70.6,712.3,107.78,-12.98,63.55,73,2,96.7,230,-2,3,3,3,3,3,3,3,300,2.590193862,35.22
0,4.5,1272.82,100.19,-1.49,39.1,138,1,79.9,196,-1,1,1,2,2,2,2,2,301,2.685618198,82.16
0,9,1361.45,100.39,-2.97,39.1,138,1,79.9,196,-1,1,1,2,2,2,2,2,302,2.675742302,77.38
0,13.5,1450.09,100.58,-4.46,39.1,138,1,79.9,196,-1,1,1,2,2,2,2,2,303,2.667074158,73.17
0,18,1538.73,100.77,-5.94,39.1,138,1,79.9,196,-1,1,1,2,2,2,2,2,304,2.659397274,69.43
0,22.5,1627.36,100.96,-7.43,39.1,138,1,79.9,196,-1,1,1,2,2,2,2,2,305,2.652560127,66.09
0,27,1716,101.16,-8.91,39.1,138,1,79.9,196,-1,1,1,2,2,2,2,2,306,2.64645436,63.1
0,31.5,1804.64,101.35,-10.4,39.1,138,1,79.9,196,-1,1,1,2,2,2,2,2,307,2.641054643,60.45
0,36,1893.27,101.54,-11.88,39.1,138,1,79.9,196,-1,1,1,2,2,2,2,2,308,2.636275433,58.1
0,40.5,1981.91,101.74,-13.37,39.1,138,1,79.9,196,-1,1,1,2,2,2,2,2,309,2.632072826,56.03
0,45,2070.55,101.93,-14.85,39.1,138,1,79.9,196,-1,1,1,2,2,2,2,2,310,2.628423831,54.23
10,5.1,672.9,100.22,-1.68,39.1,138,1,79.9,196,-1,1,1,2,2,2,2,2,311,2.676711751,77.85
10,10.2,725.52,100.44,-3.37,39.1,138,1,79.9,196,-1,1,1,2,2,2,2,2,312,2.666313694,72.8
10,15.3,778.14,100.66,-5.05,39.1,138,1,79.9,196,-1,1,1,2,2,2,2,2,313,2.657327896,68.42
10,20.4,830.76,100.87,-6.73,39.1,138,1,79.9,196,-1,1,1,2,2,2,2,2,314,2.649474854,64.58
10,25.5,883.38,101.09,-8.42,39.1,138,1,79.9,196,-1,1,1,2,2,2,2,2,315,2.642581746,61.2
10,30.6,936,101.31,-10.1,39.1,138,1,79.9,196,-1,1,1,2,2,2,2,2,316,2.636539589,58.23
10,35.7,988.62,101.53,-11.78,39.1,138,1,79.9,196,-1,1,1,2,2,2,2,2,317,2.631281781,55.64
10,40.8,1041.24,101.75,-13.46,39.1,138,1,79.9,196,-1,1,1,2,2,2,2,2,318,2.626742943,53.4
10,45.9,1093.86,101.97,-15.15,39.1,138,1,79.9,196,-1,1,1,2,2,2,2,2,319,2.622878958,51.49
10,51,1146.48,102.19,-16.83,39.1,138,1,79.9,196,-1,1,1,2,2,2,2,2,320,2.619626297,49.88
20,5.7,460.03,100.24,-1.88,39.1,138,1,79.9,196,-1,1,1,2,2,2,2,2,321,2.66828724,73.76
20,11.4,499.87,100.49,-3.76,39.1,138,1,79.9,196,-1,1,1,2,2,2,2,2,322,2.657512231,68.51
20,17.1,539.71,100.73,-5.64,39.1,138,1,79.9,196,-1,1,1,2,2,2,2,2,323,2.648311147,64.01
20,22.8,579.55,100.98,-7.52,39.1,138,1,79.9,196,-1,1,1,2,2,2,2,2,324,2.640382998,60.12
20,28.5,619.39,101.22,-9.41,39.1,138,1,79.9,196,-1,1,1,2,2,2,2,2,325,2.633533842,56.75
20,34.2,659.23,101.47,-11.29,39.1,138,1,79.9,196,-1,1,1,2,2,2,2,2,326,2.627654134,53.85
20,39.9,699.06,101.71,-13.17,39.1,138,1,79.9,196,-1,1,1,2,2,2,2,2,327,2.622636384,51.37
20,45.6,738.9,101.95,-15.05,39.1,138,1,79.9,196,-1,1,1,2,2,2,2,2,328,2.618435338,49.29
20,51.3,778.74,102.2,-16.93,39.1,138,1,79.9,196,-1,1,1,2,2,2,2,2,329,2.61496648,47.57
20,57,818.58,102.44,-18.81,39.1,138,1,79.9,196,-1,1,1,2,2,2,2,2,330,2.612226915,46.21
30,6.4,351.53,100.27,-2.11,39.1,138,1,79.9,196,-1,1,1,2,2,2,2,2,331,2.660176268,69.81
30,12.8,385.35,100.55,-4.22,39.1,138,1,79.9,196,-1,1,1,2,2,2,2,2,332,2.64898481,64.34
30,19.2,419.17,100.82,-6.34,39.1,138,1,79.9,196,-1,1,1,2,2,2,2,2,333,2.639569111,59.72
30,25.6,452.99,101.1,-8.45,39.1,138,1,79.9,196,-1,1,1,2,2,2,2,2,334,2.631606283,55.8
30,32,486.81,101.37,-10.56,39.1,138,1,79.9,196,-1,1,1,2,2,2,2,2,335,2.624840585,52.46
30,38.4,520.63,101.65,-12.67,39.1,138,1,79.9,196,-1,1,1,2,2,2,2,2,336,2.619182147,49.66
30,44.8,554.46,101.92,-14.78,39.1,138,1,79.9,196,-1,1,1,2,2,2,2,2,337,2.614502969,47.34
30,51.2,588.28,102.19,-16.9,39.1,138,1,79.9,196,-1,1,1,2,2,2,2,2,338,2.610757597,45.48
30,57.6,622.1,102.47,-19.01,39.1,138,1,79.9,196,-1,1,1,2,2,2,2,2,339,2.60784154,44.03
30,64,655.92,102.74,-21.12,39.1,138,1,79.9,196,-1,1,1,2,2,2,2,2,340,2.605711863,42.97
40,7,285.15,100.3,-2.31,39.1,138,1,79.9,196,-1,1,1,2,2,2,2,2,341,2.65270324,66.16
40,14,314.89,100.6,-4.62,39.1,138,1,79.9,196,-1,1,1,2,2,2,2,2,342,2.641319278,60.58
40,21,344.63,100.9,-6.93,39.1,138,1,79.9,196,-1,1,1,2,2,2,2,2,343,2.631890256,55.94
40,28,374.37,101.2,-9.24,39.1,138,1,79.9,196,-1,1,1,2,2,2,2,2,344,2.624011265,52.05
40,35,404.1,101.5,-11.55,39.1,138,1,79.9,196,-1,1,1,2,2,2,2,2,345,2.617446648,48.8
40,42,433.84,101.8,-13.86,39.1,138,1,79.9,196,-1,1,1,2,2,2,2,2,346,2.612085986,46.14
40,49,463.58,102.1,-16.17,39.1,138,1,79.9,196,-1,1,1,2,2,2,2,2,347,2.607801342,44.01
40,56,493.32,102.4,-18.48,39.1,138,1,79.9,196,-1,1,1,2,2,2,2,2,348,2.604507157,42.37
40,63,523.06,102.7,-20.79,39.1,138,1,79.9,196,-1,1,1,2,2,2,2,2,349,2.602119469,41.18
40,70,552.8,103,-23.1,39.1,138,1,79.9,196,-1,1,1,2,2,2,2,2,350,2.600615749,40.43
50,7.5,240.18,100.32,-2.48,39.1,138,1,79.9,196,-1,1,1,2,2,2,2,2,351,2.645822125,62.79
50,15,266.82,100.64,-4.95,39.1,138,1,79.9,196,-1,1,1,2,2,2,2,2,352,2.634427084,57.19
50,22.5,293.46,100.96,-7.43,39.1,138,1,79.9,196,-1,1,1,2,2,2,2,2,353,2.625103595,52.59
50,30,320.1,101.29,-9.9,39.1,138,1,79.9,196,-1,1,1,2,2,2,2,2,354,2.617406302,48.78
50,37.5,346.74,101.61,-12.38,39.1,138,1,79.9,196,-1,1,1,2,2,2,2,2,355,2.611119818,45.66
50,45,373.38,101.93,-14.85,39.1,138,1,79.9,196,-1,1,1,2,2,2,2,2,356,2.606073384,43.15
50,52.5,400.02,102.25,-17.33,39.1,138,1,79.9,196,-1,1,1,2,2,2,2,2,357,2.60215958,41.2
50,60,426.66,102.57,-19.8,39.1,138,1,79.9,196,-1,1,1,2,2,2,2,2,358,2.599313227,39.78
50,67.5,453.3,102.89,-22.28,39.1,138,1,79.9,196,-1,1,1,2,2,2,2,2,359,2.597430735,38.84
50,75,479.93,103.21,-24.75,39.1,138,1,79.9,196,-1,1,1,2,2,2,2,2,360,2.596449976,38.35
60,8,207.88,100.34,-2.64,39.1,138,1,79.9,196,-1,1,1,2,2,2,2,2,361,2.639304652,59.59
60,16,232.29,100.69,-5.28,39.1,138,1,79.9,196,-1,1,1,2,2,2,2,2,362,2.627957935,54
60,24,256.7,101.03,-7.92,39.1,138,1,79.9,196,-1,1,1,2,2,2,2,2,363,2.618758257,49.45
60,32,281.12,101.37,-10.56,39.1,138,1,79.9,196,-1,1,1,2,2,2,2,2,364,2.611280821,45.74
60,40,305.53,101.71,-13.2,39.1,138,1,79.9,196,-1,1,1,2,2,2,2,2,365,2.605290153,42.76
60,48,329.94,102.06,-15.84,39.1,138,1,79.9,196,-1,1,1,2,2,2,2,2,366,2.600595705,40.42
60,56,354.36,102.4,-18.48,39.1,138,1,79.9,196,-1,1,1,2,2,2,2,2,367,2.59709043,38.67
60,64,378.77,102.74,-21.12,39.1,138,1,79.9,196,-1,1,1,2,2,2,2,2,368,2.594689543,37.47
60,72,403.18,103.09,-23.76,39.1,138,1,79.9,196,-1,1,1,2,2,2,2,2,369,2.593290051,36.77
60,80,427.6,103.43,-26.4,39.1,138,1,79.9,196,-1,1,1,2,2,2,2,2,370,2.592870351,36.56
70,8.6,183.82,100.37,-2.84,39.1,138,1,79.9,196,-1,1,1,2,2,2,2,2,371,2.633006159,56.49
70,17.2,206.82,100.74,-5.68,39.1,138,1,79.9,196,-1,1,1,2,2,2,2,2,372,2.621646108,50.88
70,25.8,229.83,101.11,-8.51,39.1,138,1,79.9,196,-1,1,1,2,2,2,2,2,373,2.612569204,46.38
70,34.4,252.83,101.47,-11.35,39.1,138,1,79.9,196,-1,1,1,2,2,2,2,2,374,2.605310232,42.77
70,43,275.84,101.84,-14.19,39.1,138,1,79.9,196,-1,1,1,2,2,2,2,2,375,2.599633787,39.94
70,51.6,298.84,102.21,-17.03,39.1,138,1,79.9,196,-1,1,1,2,2,2,2,2,376,2.595329562,37.79
70,60.2,321.84,102.58,-19.87,39.1,138,1,79.9,196,-1,1,1,2,2,2,2,2,377,2.592290876,36.27
70,68.8,344.85,102.95,-22.7,39.1,138,1,79.9,196,-1,1,1,2,2,2,2,2,378,2.590433435,35.34
70,77.4,367.85,103.32,-25.54,39.1,138,1,79.9,196,-1,1,1,2,2,2,2,2,379,2.589654904,34.95
70,86,390.86,103.69,-28.38,39.1,138,1,79.9,196,-1,1,1,2,2,2,2,2,380,2.589894427,35.07
80,9.2,165.05,100.39,-3.04,39.1,138,1,79.9,196,-1,1,1,2,2,2,2,2,381,2.627046638,53.55
80,18.4,186.95,100.79,-6.07,39.1,138,1,79.9,196,-1,1,1,2,2,2,2,2,382,2.61573246,47.95
80,27.6,208.86,101.18,-9.11,39.1,138,1,79.9,196,-1,1,1,2,2,2,2,2,383,2.606816667,43.52
80,36.8,230.76,101.58,-12.14,39.1,138,1,79.9,196,-1,1,1,2,2,2,2,2,384,2.599834158,40.04
80,46,252.67,101.97,-15.18,39.1,138,1,79.9,196,-1,1,1,2,2,2,2,2,385,2.59448957,37.37
80,55.2,274.57,102.37,-18.22,39.1,138,1,79.9,196,-1,1,1,2,2,2,2,2,386,2.590613129,35.43
80,64.4,296.48,102.76,-21.25,39.1,138,1,79.9,196,-1,1,1,2,2,2,2,2,387,2.58805865,34.15
80,73.6,318.38,103.15,-24.29,39.1,138,1,79.9,196,-1,1,1,2,2,2,2,2,388,2.58674248,33.49
80,82.8,340.29,103.55,-27.32,39.1,138,1,79.9,196,-1,1,1,2,2,2,2,2,389,2.586563055,33.4
80,92,362.19,103.94,-30.36,39.1,138,1,79.9,196,-1,1,1,2,2,2,2,2,390,2.58748025,33.86
90,10,150.42,100.43,-3.3,39.1,138,1,79.9,196,-1,1,1,2,2,2,2,2,391,2.621161212,50.64
90,20,171.87,100.86,-6.6,39.1,138,1,79.9,196,-1,1,1,2,2,2,2,2,392,2.609791921,45
90,30,193.33,101.29,-9.9,39.1,138,1,79.9,196,-1,1,1,2,2,2,2,2,393,2.601016656,40.63
90,40,214.78,101.71,-13.2,39.1,138,1,79.9,196,-1,1,1,2,2,2,2,2,394,2.594309606,37.28
90,50,236.23,102.14,-16.5,39.1,138,1,79.9,196,-1,1,1,2,2,2,2,2,395,2.589375488,34.81
90,60,257.68,102.57,-19.8,39.1,138,1,79.9,196,-1,1,1,2,2,2,2,2,396,2.586024852,33.13
90,70,279.14,103,-23.1,39.1,138,1,79.9,196,-1,1,1,2,2,2,2,2,397,2.58411215,32.17
90,80,300.59,103.43,-26.4,39.1,138,1,79.9,196,-1,1,1,2,2,2,2,2,398,2.583534633,31.88
90,90,322.04,103.86,-29.7,39.1,138,1,79.9,196,-1,1,1,2,2,2,2,2,399,2.584191817,32.21
90,100,343.49,104.29,-33,39.1,138,1,79.9,196,-1,1,1,2,2,2,2,2,400,2.586004921,33.12
0,0.5,1150,100.03,-0.2,22.99,102,1,60.01,200,-2,1,1,1,3,3,3,3,401,2.69588375,87.11
0,1,2333.33,100.05,-0.39,22.99,102,1,60.01,200,-2,1,1,1,3,3,3,3,402,2.694429677,86.41
0,1.5,3550,100.07,-0.58,22.99,102,1,60.01,200,-2,1,1,1,3,3,3,3,403,2.693038656,85.74
0,2,4800,100.08,-0.77,22.99,102,1,60.01,200,-2,1,1,1,3,3,3,3,404,2.691669099,85.08
0,2.5,6083.33,100.1,-0.96,22.99,102,1,60.01,200,-2,1,1,1,3,3,3,3,405,2.690362444,84.45
0,3,7400,100.12,-1.16,22.99,102,1,60.01,200,-2,1,1,1,3,3,3,3,406,2.689056423,83.82
0,3.5,8750,100.13,-1.35,22.99,102,1,60.01,200,-2,1,1,1,3,3,3,3,407,2.687792468,83.21
0,4,10133.33,100.15,-1.54,22.99,102,1,60.01,200,-2,1,1,1,3,3,3,3,408,2.686549813,82.61
0,4.5,11550,100.17,-1.73,22.99,102,1,60.01,200,-2,1,1,1,3,3,3,3,409,2.685328428,82.02
0,5,13000,100.18,-1.92,22.99,102,1,60.01,200,-2,1,1,1,3,3,3,3,410,2.684128287,81.44
10,1.2,1564.44,100.06,-0.47,22.99,102,1,60.01,200,-2,1,1,1,3,3,3,3,411,2.685887298,82.29
10,2.4,2240,100.1,-0.93,22.99,102,1,60.01,200,-2,1,1,1,3,3,3,3,412,2.682783938,80.79
10,3.6,2654.12,100.14,-1.38,22.99,102,1,60.01,200,-2,1,1,1,3,3,3,3,413,2.679870049,79.38
10,4.8,2956.19,100.18,-1.84,22.99,102,1,60.01,200,-2,1,1,1,3,3,3,3,414,2.677062489,78.02
10,6,3200,100.22,-2.3,22.99,102,1,60.01,200,-2,1,1,1,3,3,3,3,415,2.674381541,76.72
10,7.2,3409.66,100.25,-2.76,22.99,102,1,60.01,200,-2,1,1,1,3,3,3,3,416,2.671806238,75.47
10,8.4,3597.58,100.29,-3.22,22.99,102,1,60.01,200,-2,1,1,1,3,3,3,3,417,2.66933628,74.27
10,9.6,3770.81,100.33,-3.68,22.99,102,1,60.01,200,-2,1,1,1,3,3,3,3,418,2.666950825,73.11
10,10.8,3933.66,100.37,-4.13,22.99,102,1,60.01,200,-2,1,1,1,3,3,3,3,419,2.664629112,71.98
10,12,4088.89,100.4,-4.59,22.99,102,1,60.01,200,-2,1,1,1,3,3,3,3,420,2.6623915,70.89
20,1.9,1286.98,100.08,-0.74,22.99,102,1,60.01,200,-2,1,1,1,3,3,3,3,421,2.676546713,77.77
20,3.8,1578.46,100.14,-1.46,22.99,102,1,60.01,200,-2,1,1,1,3,3,3,3,422,2.672094548,75.61
20,5.7,1754.19,100.21,-2.19,22.99,102,1,60.01,200,-2,1,1,1,3,3,3,3,423,2.667958214,73.6
20,7.6,1893.17,100.27,-2.91,22.99,102,1,60.01,200,-2,1,1,1,3,3,3,3,424,2.664074666,71.71
20,9.5,2015.85,100.33,-3.64,22.99,102,1,60.01,200,-2,1,1,1,3,3,3,3,425,2.660422314,69.93
20,11.4,2129.88,100.39,-4.36,22.99,102,1,60.01,200,-2,1,1,1,3,3,3,3,426,2.656959266,68.24
20,13.3,2238.75,100.44,-5.09,22.99,102,1,60.01,200,-2,1,1,1,3,3,3,3,427,2.653684794,66.64
20,15.2,2344.33,100.5,-5.81,22.99,102,1,60.01,200,-2,1,1,1,3,3,3,3,428,2.650557355,65.11
20,17.1,2447.65,100.55,-6.54,22.99,102,1,60.01,200,-2,1,1,1,3,3,3,3,429,2.647596844,63.66
20,19,2549.37,100.61,-7.27,22.99,102,1,60.01,200,-2,1,1,1,3,3,3,3,430,2.644782326,62.28
30,3.2,1072.43,100.12,-1.23,22.99,102,1,60.01,200,-2,1,1,1,3,3,3,3,431,2.666457549,72.87
30,6.4,1249.08,100.23,-2.45,22.99,102,1,60.01,200,-2,1,1,1,3,3,3,3,432,2.659827743,69.64
30,9.6,1381.39,100.33,-3.68,22.99,102,1,60.01,200,-2,1,1,1,3,3,3,3,433,2.653848422,66.72
30,12.8,1501.35,100.43,-4.9,22.99,102,1,60.01,200,-2,1,1,1,3,3,3,3,434,2.648413206,64.06
30,16,1616.16,100.52,-6.12,22.99,102,1,60.01,200,-2,1,1,1,3,3,3,3,435,2.643416936,61.61
30,19.2,1728.32,100.61,-7.34,22.99,102,1,60.01,200,-2,1,1,1,3,3,3,3,436,2.638836827,59.36
30,22.4,1838.95,100.7,-8.56,22.99,102,1,60.01,200,-2,1,1,1,3,3,3,3,437,2.634630136,57.29
30,25.6,1948.61,100.79,-9.79,22.99,102,1,60.01,200,-2,1,1,1,3,3,3,3,438,2.630774825,55.39
30,28.8,2057.61,100.87,-11.01,22.99,102,1,60.01,200,-2,1,1,1,3,3,3,3,439,2.627228872,53.64
30,32,2166.15,100.95,-12.23,22.99,102,1,60.01,200,-2,1,1,1,3,3,3,3,440,2.623991041,52.04
40,4.5,888.46,100.17,-1.73,22.99,102,1,60.01,200,-2,1,1,1,3,3,3,3,441,2.657123095,68.32
40,9,1032,100.31,-3.45,22.99,102,1,60.01,200,-2,1,1,1,3,3,3,3,442,2.648780652,64.24
40,13.5,1155.41,100.45,-5.17,22.99,102,1,60.01,200,-2,1,1,1,3,3,3,3,443,2.641502502,60.67
40,18,1273.47,100.58,-6.88,22.99,102,1,60.01,200,-2,1,1,1,3,3,3,3,444,2.635056596,57.5
40,22.5,1389.34,100.71,-8.6,22.99,102,1,60.01,200,-2,1,1,1,3,3,3,3,445,2.629335605,54.68
40,27,1504.11,100.82,-10.32,22.99,102,1,60.01,200,-2,1,1,1,3,3,3,3,446,2.624253965,52.17
40,31.5,1618.24,100.94,-12.04,22.99,102,1,60.01,200,-2,1,1,1,3,3,3,3,447,2.619747442,49.94
40,36,1731.96,101.05,-13.76,22.99,102,1,60.01,200,-2,1,1,1,3,3,3,3,448,2.615792941,47.98
40,40.5,1845.41,101.15,-15.48,22.99,102,1,60.01,200,-2,1,1,1,3,3,3,3,449,2.612327584,46.26
40,45,1958.68,101.25,-17.2,22.99,102,1,60.01,200,-2,1,1,1,3,3,3,3,450,2.609349439,44.78
50,4.25,714.56,100.16,-1.63,22.99,102,1,60.01,200,-2,1,1,1,3,3,3,3,451,2.651354195,65.5
50,8.5,821.02,100.3,-3.26,22.99,102,1,60.01,200,-2,1,1,1,3,3,3,3,452,2.643763311,61.78
50,12.75,913.51,100.43,-4.88,22.99,102,1,60.01,200,-2,1,1,1,3,3,3,3,453,2.637088305,58.5
50,17,1002.31,100.55,-6.5,22.99,102,1,60.01,200,-2,1,1,1,3,3,3,3,454,2.631139823,55.57
50,21.25,1089.62,100.67,-8.13,22.99,102,1,60.01,200,-2,1,1,1,3,3,3,3,455,2.625832068,52.95
50,25.5,1176.16,100.78,-9.75,22.99,102,1,60.01,200,-2,1,1,1,3,3,3,3,456,2.621080404,50.6
50,29.75,1262.27,100.89,-11.37,22.99,102,1,60.01,200,-2,1,1,1,3,3,3,3,457,2.616861681,48.51
50,34,1348.1,101,-12.99,22.99,102,1,60.01,200,-2,1,1,1,3,3,3,3,458,2.613092791,46.64
50,38.25,1433.75,101.1,-14.62,22.99,102,1,60.01,200,-2,1,1,1,3,3,3,3,459,2.609771807,44.99
50,42.5,1519.28,101.19,-16.24,22.99,102,1,60.01,200,-2,1,1,1,3,3,3,3,460,2.606856851,43.54
60,4,596.08,100.15,-1.54,22.99,102,1,60.01,200,-2,1,1,1,3,3,3,3,461,2.645842517,62.8
60,8,678.79,100.28,-3.06,22.99,102,1,60.01,200,-2,1,1,1,3,3,3,3,462,2.638938521,59.41
60,12,751.02,100.4,-4.59,22.99,102,1,60.01,200,-2,1,1,1,3,3,3,3,463,2.632843817,56.41
60,16,820.51,100.52,-6.12,22.99,102,1,60.01,200,-2,1,1,1,3,3,3,3,464,2.627390869,53.72
60,20,888.89,100.64,-7.65,22.99,102,1,60.01,200,-2,1,1,1,3,3,3,3,465,2.622474681,51.29
60,24,956.7,100.75,-9.18,22.99,102,1,60.01,200,-2,1,1,1,3,3,3,3,466,2.618072103,49.11
60,28,1024.19,100.85,-10.7,22.99,102,1,60.01,200,-2,1,1,1,3,3,3,3,467,2.614099983,47.14
60,32,1091.47,100.95,-12.23,22.99,102,1,60.01,200,-2,1,1,1,3,3,3,3,468,2.610536265,45.37
60,36,1158.62,101.05,-13.76,22.99,102,1,60.01,200,-2,1,1,1,3,3,3,3,469,2.607359197,43.79
60,40,1225.67,101.14,-15.29,22.99,102,1,60.01,200,-2,1,1,1,3,3,3,3,470,2.604547304,42.39
70,3.95,514.25,100.15,-1.52,22.99,102,1,60.01,200,-2,1,1,1,3,3,3,3,471,2.6402202,60.04
70,7.9,582.76,100.28,-3.03,22.99,102,1,60.01,200,-2,1,1,1,3,3,3,3,472,2.633716526,56.84
70,11.85,643.37,100.4,-4.54,22.99,102,1,60.01,200,-2,1,1,1,3,3,3,3,473,2.62793768,53.99
70,15.8,701.91,100.52,-6.04,22.99,102,1,60.01,200,-2,1,1,1,3,3,3,3,474,2.622777883,51.44
70,19.75,759.62,100.63,-7.55,22.99,102,1,60.01,200,-2,1,1,1,3,3,3,3,475,2.618132638,49.14
70,23.7,816.9,100.74,-9.06,22.99,102,1,60.01,200,-2,1,1,1,3,3,3,3,476,2.613938806,47.06
70,27.65,873.94,100.84,-10.57,22.99,102,1,60.01,200,-2,1,1,1,3,3,3,3,477,2.610174125,45.19
70,31.6,930.83,100.94,-12.08,22.99,102,1,60.01,200,-2,1,1,1,3,3,3,3,478,2.606776484,43.5
70,35.55,987.62,101.03,-13.59,22.99,102,1,60.01,200,-2,1,1,1,3,3,3,3,479,2.603744464,41.99
70,39.5,1044.33,101.13,-15.1,22.99,102,1,60.01,200,-2,1,1,1,3,3,3,3,480,2.60105675,40.65
80,3.9,452.02,100.15,-1.5,22.99,102,1,60.01,200,-2,1,1,1,3,3,3,3,481,2.634853511,57.4
80,7.8,510.23,100.27,-2.99,22.99,102,1,60.01,200,-2,1,1,1,3,3,3,3,482,2.62870746,54.37
80,11.7,562.24,100.4,-4.48,22.99,102,1,60.01,200,-2,1,1,1,3,3,3,3,483,2.623263079,51.68
80,15.6,612.64,100.51,-5.97,22.99,102,1,60.01,200,-2,1,1,1,3,3,3,3,484,2.618374795,49.26
80,19.5,662.38,100.62,-7.46,22.99,102,1,60.01,200,-2,1,1,1,3,3,3,3,485,2.6139791,47.08
80,23.4,711.8,100.73,-8.95,22.99,102,1,60.01,200,-2,1,1,1,3,3,3,3,486,2.609993074,45.1
80,27.3,761.02,100.83,-10.44,22.99,102,1,60.01,200,-2,1,1,1,3,3,3,3,487,2.606414866,43.32
80,31.2,810.13,100.93,-11.93,22.99,102,1,60.01,200,-2,1,1,1,3,3,3,3,488,2.603182622,41.71
80,35.1,859.16,101.02,-13.41,22.99,102,1,60.01,200,-2,1,1,1,3,3,3,3,489,2.600295068,40.27
80,39,908.13,101.12,-14.9,22.99,102,1,60.01,200,-2,1,1,1,3,3,3,3,490,2.597731041,38.99
90,3.8,402.35,100.14,-1.46,22.99,102,1,60.01,200,-2,1,1,1,3,3,3,3,491,2.629801745,54.91
90,7.6,452.3,100.27,-2.91,22.99,102,1,60.01,200,-2,1,1,1,3,3,3,3,492,2.624071938,52.08
90,11.4,497.18,100.39,-4.36,22.99,102,1,60.01,200,-2,1,1,1,3,3,3,3,493,2.618980286,49.56
90,15.2,540.74,100.5,-5.81,22.99,102,1,60.01,200,-2,1,1,1,3,3,3,3,494,2.614402217,47.29
90,19,583.77,100.61,-7.27,22.99,102,1,60.01,200,-2,1,1,1,3,3,3,3,495,2.610254596,45.23
90,22.8,626.53,100.71,-8.72,22.99,102,1,60.01,200,-2,1,1,1,3,3,3,3,496,2.606515311,43.37
90,26.6,669.14,100.81,-10.17,22.99,102,1,60.01,200,-2,1,1,1,3,3,3,3,497,2.603122432,41.68
90,30.4,711.65,100.91,-11.62,22.99,102,1,60.01,200,-2,1,1,1,3,3,3,3,498,2.600054583,40.15
90,34.2,754.1,101,-13.07,22.99,102,1,60.01,200,-2,1,1,1,3,3,3,3,499,2.597310622,38.78
90,38,796.51,101.09,-14.52,22.99,102,1,60.01,200,-2,1,1,1,3,3,3,3,500,2.594849533,37.55
0,3.06,2488.91,100.01,-1.05,22.99,102,1,34.45,181,-1,1,1,1,1,1,1,1,501,2.68284597,80.82
0,6.12,2609.45,100.72,-2.08,22.99,102,1,34.45,181,-1,1,1,1,1,1,1,1,502,2.670982665,75.07
0,9.18,2730,101.44,-3.12,22.99,102,1,34.45,181,-1,1,1,1,1,1,1,1,503,2.660852949,70.14
0,12.24,2850.55,102.16,-4.16,22.99,102,1,34.45,181,-1,1,1,1,1,1,1,1,504,2.652110393,65.87
0,15.3,2971.09,102.86,-5.2,22.99,102,1,34.45,181,-1,1,1,1,1,1,1,1,505,2.644578491,62.18
0,18.36,3091.64,103.57,-6.24,22.99,102,1,34.45,181,-1,1,1,1,1,1,1,1,506,2.638104746,59
0,21.42,3212.18,104.28,-7.27,22.99,102,1,34.45,181,-1,1,1,1,1,1,1,1,507,2.632580031,56.28
0,24.48,3332.73,104.99,-8.31,22.99,102,1,34.45,181,-1,1,1,1,1,1,1,1,508,2.627957935,54
0,27.54,3453.27,105.71,-9.35,22.99,102,1,34.45,181,-1,1,1,1,1,1,1,1,509,2.624152837,52.12
0,30.6,3573.82,106.42,-10.39,22.99,102,1,34.45,181,-1,1,1,1,1,1,1,1,510,2.62114101,50.63
10,3.12,1304.95,100.03,-1.07,22.99,102,1,34.45,181,-1,1,1,1,1,1,1,1,511,2.675144306,77.09
10,6.24,1369.33,100.75,-2.12,22.99,102,1,34.45,181,-1,1,1,1,1,1,1,1,512,2.66368457,71.52
10,9.36,1433.71,101.48,-3.18,22.99,102,1,34.45,181,-1,1,1,1,1,1,1,1,513,2.653909785,66.75
10,12.48,1498.1,102.2,-4.24,22.99,102,1,34.45,181,-1,1,1,1,1,1,1,1,514,2.64549587,62.63
10,15.6,1562.48,102.93,-5.3,22.99,102,1,34.45,181,-1,1,1,1,1,1,1,1,515,2.638267413,59.08
10,18.72,1626.86,103.65,-6.36,22.99,102,1,34.45,181,-1,1,1,1,1,1,1,1,516,2.632072826,56.03
10,21.84,1691.24,104.38,-7.42,22.99,102,1,34.45,181,-1,1,1,1,1,1,1,1,517,2.626844171,53.45
10,24.96,1755.62,105.11,-8.47,22.99,102,1,34.45,181,-1,1,1,1,1,1,1,1,518,2.622454469,51.28
10,28.08,1820,105.84,-9.53,22.99,102,1,34.45,181,-1,1,1,1,1,1,1,1,519,2.618899546,49.52
10,31.2,1884.38,106.56,-10.59,22.99,102,1,34.45,181,-1,1,1,1,1,1,1,1,520,2.616095371,48.13
20,3.28,886.24,100.06,-1.12,22.99,102,1,34.45,181,-1,1,1,1,1,1,1,1,521,2.667444193,73.35
20,6.56,932.09,100.87,-2.23,22.99,102,1,34.45,181,-1,1,1,1,1,1,1,1,522,2.656099326,67.82
20,9.84,977.94,101.59,-3.35,22.99,102,1,34.45,181,-1,1,1,1,1,1,1,1,523,2.646495154,63.12
20,13.12,1023.78,102.35,-4.46,22.99,102,1,34.45,181,-1,1,1,1,1,1,1,1,524,2.638308082,59.1
20,16.4,1069.63,103.11,-5.57,22.99,102,1,34.45,181,-1,1,1,1,1,1,1,1,525,2.631302061,55.65
20,19.68,1115.48,103.88,-6.68,22.99,102,1,34.45,181,-1,1,1,1,1,1,1,1,526,2.625407101,52.74
20,22.96,1161.33,104.64,-7.8,22.99,102,1,34.45,181,-1,1,1,1,1,1,1,1,527,2.620413838,50.27
20,26.24,1207.18,105.4,-8.91,22.99,102,1,34.45,181,-1,1,1,1,1,1,1,1,528,2.616357504,48.26
20,29.52,1253.03,106.17,-10.02,22.99,102,1,34.45,181,-1,1,1,1,1,1,1,1,529,2.613112931,46.65
20,32.8,1298.88,106.93,-11.13,22.99,102,1,34.45,181,-1,1,1,1,1,1,1,1,530,2.61065699,45.43
30,3.36,670.93,100.08,-1.15,22.99,102,1,34.45,181,-1,1,1,1,1,1,1,1,531,2.660442819,69.94
30,6.72,706.44,100.82,-2.29,22.99,102,1,34.45,181,-1,1,1,1,1,1,1,1,532,2.649434013,64.56
30,10.08,741.95,101.64,-3.43,22.99,102,1,34.45,181,-1,1,1,1,1,1,1,1,533,2.640138805,60
30,13.44,777.46,102.43,-4.57,22.99,102,1,34.45,181,-1,1,1,1,1,1,1,1,534,2.632235121,56.11
30,16.8,812.98,103.21,-5.71,22.99,102,1,34.45,181,-1,1,1,1,1,1,1,1,535,2.625528513,52.8
30,20.16,848.49,103.99,-6.85,22.99,102,1,34.45,181,-1,1,1,1,1,1,1,1,536,2.619868592,50
30,23.52,884,104.77,-7.99,22.99,102,1,34.45,181,-1,1,1,1,1,1,1,1,537,2.615168032,47.67
30,26.88,919.51,105.55,-9.13,22.99,102,1,34.45,181,-1,1,1,1,1,1,1,1,538,2.6113412,45.77
30,30.24,955.02,106.33,-10.26,22.99,102,1,34.45,181,-1,1,1,1,1,1,1,1,539,2.608344076,44.28
30,33.6,990.54,107.12,-11.4,22.99,102,1,34.45,181,-1,1,1,1,1,1,1,1,540,2.606113556,43.17
40,3.44,540.05,100.1,-1.17,22.99,102,1,34.45,181,-1,1,1,1,1,1,1,1,541,2.653766607,66.68
40,6.88,569.28,100.9,-2.34,22.99,102,1,34.45,181,-1,1,1,1,1,1,1,1,542,2.643090977,61.45
40,10.32,598.51,101.7,-3.51,22.99,102,1,34.45,181,-1,1,1,1,1,1,1,1,543,2.634122536,57.04
40,13.76,627.74,102.5,-4.68,22.99,102,1,34.45,181,-1,1,1,1,1,1,1,1,544,2.626500012,53.28
40,17.2,656.97,103.3,-5.84,22.99,102,1,34.45,181,-1,1,1,1,1,1,1,1,545,2.620070522,50.1
40,20.64,686.2,104.1,-7.01,22.99,102,1,34.45,181,-1,1,1,1,1,1,1,1,546,2.614664181,47.42
40,24.08,715.42,104.9,-8.18,22.99,102,1,34.45,181,-1,1,1,1,1,1,1,1,547,2.610214361,45.21
40,27.52,744.65,105.7,-9.34,22.99,102,1,34.45,181,-1,1,1,1,1,1,1,1,548,2.606615759,43.42
40,30.96,773.88,106.5,-10.51,22.99,102,1,34.45,181,-1,1,1,1,1,1,1,1,549,2.603844805,42.04
40,34.4,803.11,107.3,-11.68,22.99,102,1,34.45,181,-1,1,1,1,1,1,1,1,550,2.601898869,41.07
50,3.52,452.09,100.12,-1.2,22.99,102,1,34.45,181,-1,1,1,1,1,1,1,1,551,2.647413197,63.57
50,7.04,477.09,100.94,-2.4,22.99,102,1,34.45,181,-1,1,1,1,1,1,1,1,552,2.63706798,58.49
50,10.56,502.1,101.76,-3.59,22.99,102,1,34.45,181,-1,1,1,1,1,1,1,1,553,2.628403573,54.22
50,14.08,527.1,102.58,-4.78,22.99,102,1,34.45,181,-1,1,1,1,1,1,1,1,554,2.621080404,50.6
50,17.6,552.11,103.39,-5.98,22.99,102,1,34.45,181,-1,1,1,1,1,1,1,1,555,2.614906017,47.54
50,21.12,577.11,104.21,-7.17,22.99,102,1,34.45,181,-1,1,1,1,1,1,1,1,556,2.609751692,44.98
50,24.64,602.12,105.03,-8.37,22.99,102,1,34.45,181,-1,1,1,1,1,1,1,1,557,2.605531122,42.88
50,28.16,627.13,105.85,-9.56,22.99,102,1,34.45,181,-1,1,1,1,1,1,1,1,558,2.602179636,41.21
50,31.68,652.13,106.67,-10.75,22.99,102,1,34.45,181,-1,1,1,1,1,1,1,1,559,2.599613751,39.93
50,35.2,677.14,107.49,-11.95,22.99,102,1,34.45,181,-1,1,1,1,1,1,1,1,560,2.597811129,39.03
50,3.65,389.21,100.15,-1.25,22.99,102,1,34.45,181,-1,1,1,1,1,1,1,1,561,2.641237849,60.54
60,7.3,411.48,101,-2.48,22.99,102,1,34.45,181,-1,1,1,1,1,1,1,1,562,2.631099265,55.55
60,10.95,433.76,101.85,-3.72,22.99,102,1,34.45,181,-1,1,1,1,1,1,1,1,563,2.622676812,51.39
60,14.6,456.04,102.7,-4.96,22.99,102,1,34.45,181,-1,1,1,1,1,1,1,1,564,2.615571182,47.87
60,18.25,478.31,103.55,-6.2,22.99,102,1,34.45,181,-1,1,1,1,1,1,1,1,565,2.609651123,44.93
60,21.9,500.59,104.39,-7.44,22.99,102,1,34.45,181,-1,1,1,1,1,1,1,1,566,2.604748053,42.49
60,25.55,522.87,105.24,-8.67,22.99,102,1,34.45,181,-1,1,1,1,1,1,1,1,567,2.600796149,40.52
60,29.2,545.15,106.08,-9.91,22.99,102,1,34.45,181,-1,1,1,1,1,1,1,1,568,2.597690998,38.97
60,32.85,567.42,106.94,-11.15,22.99,102,1,34.45,181,-1,1,1,1,1,1,1,1,569,2.595409576,37.83
60,36.5,589.7,107.79,-12.39,22.99,102,1,34.45,181,-1,1,1,1,1,1,1,1,570,2.593869749,37.06
70,3.7,341.42,100.16,-1.26,22.99,102,1,34.45,181,-1,1,1,1,1,1,1,1,571,2.634366172,57.16
70,7.4,361.22,101,-2.52,22.99,102,1,34.45,181,-1,1,1,1,1,1,1,1,572,2.625832068,52.95
70,11.1,381.01,101.88,-3.77,22.99,102,1,34.45,181,-1,1,1,1,1,1,1,1,573,2.617729093,48.94
70,14.8,400.81,102.74,-5.03,22.99,102,1,34.45,181,-1,1,1,1,1,1,1,1,574,2.610938702,45.57
70,18.5,420.6,103.6,-6.28,22.99,102,1,34.45,181,-1,1,1,1,1,1,1,1,575,2.605270073,42.75
70,22.2,440.4,104.46,-7.54,22.99,102,1,34.45,181,-1,1,1,1,1,1,1,1,576,2.600595705,40.42
70,25.9,460.19,105.32,-8.79,22.99,102,1,34.45,181,-1,1,1,1,1,1,1,1,577,2.596850241,38.55
70,29.6,479.98,106.19,-10.05,22.99,102,1,34.45,181,-1,1,1,1,1,1,1,1,578,2.593929725,37.09
70,33.3,499.78,107.05,-11.3,22.99,102,1,34.45,181,-1,1,1,1,1,1,1,1,579,2.591811409,36.03
70,37,519.57,107.91,-12.56,22.99,102,1,34.45,181,-1,1,1,1,1,1,1,1,580,2.59041347,35.33
80,3.75,304.14,100.16,-1.28,22.99,102,1,34.45,181,-1,1,1,1,1,1,1,1,581,2.63018688,55.1
80,7.5,322,101.04,-2.55,22.99,102,1,34.45,181,-1,1,1,1,1,1,1,1,582,2.620837997,50.48
80,11.25,339.86,101.92,-3.82,22.99,102,1,34.45,181,-1,1,1,1,1,1,1,1,583,2.613032371,46.61
80,15,357.71,102.79,-5.1,22.99,102,1,34.45,181,-1,1,1,1,1,1,1,1,584,2.606515311,43.37
80,18.75,375.57,103.66,-6.37,22.99,102,1,34.45,181,-1,1,1,1,1,1,1,1,585,2.601096845,40.67
80,22.5,393.43,104.53,-7.64,22.99,102,1,34.45,181,-1,1,1,1,1,1,1,1,586,2.596670114,38.46
80,26.25,411.29,105.41,-8.91,22.99,102,1,34.45,181,-1,1,1,1,1,1,1,1,587,2.593110171,36.68
80,30,429.14,106.28,-10.18,22.99,102,1,34.45,181,-1,1,1,1,1,1,1,1,588,2.590034159,35.14
80,33.75,447,107.15,-11.46,22.99,102,1,34.45,181,-1,1,1,1,1,1,1,1,589,2.588397771,34.32
80,37.5,464.86,108.02,-12.73,22.99,102,1,34.45,181,-1,1,1,1,1,1,1,1,590,2.587141249,33.69
90,3.8,274.24,100.18,-1.3,22.99,102,1,34.45,181,-1,1,1,1,1,1,1,1,591,2.625103595,52.59
90,7.6,290.55,101.07,-2.59,22.99,102,1,34.45,181,-1,1,1,1,1,1,1,1,592,2.616055045,48.11
90,11.4,306.85,101.95,-3.87,22.99,102,1,34.45,181,-1,1,1,1,1,1,1,1,593,2.608585328,44.4
90,15.2,323.16,102.84,-5.16,22.99,102,1,34.45,181,-1,1,1,1,1,1,1,1,594,2.602340088,41.29
90,19,339.46,103.72,-6.45,22.99,102,1,34.45,181,-1,1,1,1,1,1,1,1,595,2.59715048,38.7
90,22.8,355.76,104.6,-7.74,22.99,102,1,34.45,181,-1,1,1,1,1,1,1,1,596,2.592930304,36.59
90,26.6,372.07,105.49,-9.03,22.99,102,1,34.45,181,-1,1,1,1,1,1,1,1,597,2.589555109,34.9
90,30.4,388.37,106.37,-10.32,22.99,102,1,34.45,181,-1,1,1,1,1,1,1,1,598,2.586981734,33.61
90,34.2,404.67,107.26,-11.61,22.99,102,1,34.45,181,-1,1,1,1,1,1,1,1,599,2.585148021,32.69
90,38,420.98,108.14,-12.9,22.99,102,1,34.45,181,-1,1,1,1,1,1,1,1,600,2.584032485,32.13
